date,ticker,tenor,parspread,convspreard,upfront,runningcoupon,primarycoupon,close_price,financial_debt_ratio
2021-01-04,XRX,5Y,0.01735375,0.01679923,-0.15458256,0.05,N,22.46,24.956666083471
2021-01-05,XRX,5Y,0.01732612,0.01675904,-0.15475761,0.05,N,22.85,24.956666083471
2021-01-06,XRX,5Y,0.01710909,0.01725005,0.03365926,0.01,Y,23.2,24.956666083471
2021-01-07,XRX,5Y,0.01698699,0.01712499,0.03305453,0.01,Y,23.58,24.956666083471
2021-01-08,XRX,5Y,0.01703906,0.01717504,0.03324803,0.01,Y,23.55,24.956666083471
2021-01-11,XRX,5Y,0.01729854,0.0167398,-0.15409338,0.05,N,23.44,24.956666083471
2021-01-12,XRX,5Y,0.01751581,0.01695844,-0.15284583,0.05,N,23.22,24.956666083471
2021-01-13,XRX,5Y,0.01751366,0.01766567,0.03533333,0.01,Y,22.94,24.956666083471
2021-01-14,XRX,5Y,0.0174749,0.01762267,0.03513991,0.01,Y,23.04,24.956666083471
2021-01-15,XRX,5Y,0.01755402,0.01699353,-0.15247164,0.05,N,22.49,24.956666083471
2021-01-19,XRX,5Y,0.01744396,0.0168812,-0.15279538,0.05,N,21.09,24.956666083471
2021-01-20,XRX,5Y,0.0174643,0.01761427,0.03501407,0.01,Y,21.05,24.956666083471
2021-01-21,XRX,5Y,0.01730686,0.01675305,-0.1533394,0.05,N,21.35,24.956666083471
2021-01-22,XRX,5Y,0.01764929,0.01780469,0.03582415,0.01,Y,21.07,24.956666083471
2021-01-25,XRX,5Y,0.01804641,0.01748354,-0.14922015,0.05,N,20.75,24.956666083471
2021-01-26,XRX,5Y,0.01835446,0.01853003,0.0389712,0.01,Y,21.07,22.81915068916986
2021-01-27,XRX,5Y,0.01893508,0.01836231,-0.14455267,0.05,N,20.87,22.81915068916986
2021-01-28,XRX,5Y,0.01907344,0.01849961,-0.14378351,0.05,N,21.22,22.81915068916986
2021-01-29,XRX,5Y,0.01923972,0.01944401,0.04291261,0.01,Y,21.03,22.81915068916986
2021-02-01,XRX,5Y,0.01915318,0.01935449,0.04245989,0.01,Y,22.59,22.81915068916986
2021-02-02,XRX,5Y,0.01868851,0.01887428,0.04034264,0.01,Y,22.85,22.81915068916986
2021-02-03,XRX,5Y,0.01825253,0.0176832,-0.14748869,0.05,N,23.57,22.81915068916986
2021-02-04,XRX,5Y,0.01809169,0.01752471,-0.14817986,0.05,N,23.17,22.81915068916986
2021-02-05,XRX,5Y,0.01751823,0.01766667,0.03494067,0.01,Y,23.5,22.81915068916986
2021-02-08,XRX,5Y,0.01744364,0.01759099,0.03455053,0.01,Y,24.24,22.81915068916986
2021-02-09,XRX,5Y,0.01716146,0.01662397,-0.15238988,0.05,N,23.94,22.81915068916986
2021-02-10,XRX,5Y,0.01710675,0.01656762,-0.15260671,0.05,N,23.52,22.81915068916986
2021-02-11,XRX,5Y,0.01699852,0.01645318,-0.15317552,0.05,N,23.58,22.81915068916986
2021-02-12,XRX,5Y,0.01704893,0.01718701,0.0326997,0.01,Y,23.71,22.81915068916986
2021-02-16,XRX,5Y,0.01715294,0.01729115,0.03307602,0.01,Y,23.95,22.81915068916986
2021-02-17,XRX,5Y,0.01702338,0.01648382,-0.15230267,0.05,N,23.44,22.81915068916986
2021-02-18,XRX,5Y,0.01712523,0.01726215,0.0328956,0.01,Y,23.3,22.81915068916986
2021-02-19,XRX,5Y,0.01688301,0.01634447,-0.15293986,0.05,N,23.66,22.81915068916986
2021-02-22,XRX,5Y,0.01727313,0.01741317,0.03347897,0.01,Y,24.36,22.81915068916986
2021-02-23,XRX,5Y,0.01747445,0.01761877,0.03434939,0.01,Y,24.65,22.81915068916986
2021-02-24,XRX,5Y,0.01740909,0.01686931,-0.14975464,0.05,N,25.32,22.81915068916986
2021-02-25,XRX,5Y,0.01812269,0.01757639,-0.14606443,0.05,N,25.35,22.81915068916986
2021-02-26,XRX,5Y,0.01800167,0.01816254,0.03656108,0.01,Y,25.48,22.82923208014077
2021-03-01,XRX,5Y,0.01744948,0.0175917,0.03407403,0.01,Y,25.77,22.82923208014077
2021-03-02,XRX,5Y,0.0172358,0.01737046,0.03309394,0.01,Y,25.82,22.82923208014077
2021-03-03,XRX,5Y,0.01693328,0.01706147,0.03174146,0.01,Y,25.62,22.82923208014077
2021-03-04,XRX,5Y,0.01712214,0.0172551,0.03254661,0.01,Y,25.57,22.82923208014077
2021-03-05,XRX,5Y,0.01690444,0.01638241,-0.15116974,0.05,N,26.09,22.82923208014077
2021-03-08,XRX,5Y,0.01658163,0.01606655,-0.1525127,0.05,N,26.7,22.82923208014077
2021-03-09,XRX,5Y,0.01651332,0.01600711,-0.15261614,0.05,N,26.51,22.82923208014077
2021-03-10,XRX,5Y,0.01634074,0.01644979,0.02891075,0.01,Y,26.53,22.82923208014077
2021-03-11,XRX,5Y,0.01593579,0.01603753,0.02710137,0.01,Y,26.58,22.82923208014077
2021-03-12,XRX,5Y,0.01608659,0.01558839,-0.15467537,0.05,N,26.91,22.82923208014077
2021-03-15,XRX,5Y,0.01602556,0.01612869,0.0274228,0.01,Y,26.06,22.82923208014077
2021-03-16,XRX,5Y,0.01591166,0.0154137,-0.15512874,0.05,N,25.62,22.82923208014077
2021-03-17,XRX,5Y,0.01624558,0.01635474,0.02838861,0.01,Y,26.02,22.82923208014077
2021-03-18,XRX,5Y,0.01646454,0.01593535,-0.15240603,0.05,N,24.8,22.82923208014077
2021-03-19,XRX,5Y,0.01654804,0.01667002,0.02972198,0.01,Y,24.79,22.82923208014077
2021-03-22,XRX,5Y,0.01854673,0.01789993,-0.15533297,0.05,N,24.84,22.82923208014077
2021-03-23,XRX,5Y,0.01880377,0.0190265,0.04345615,0.01,Y,23.63,22.82923208014077
2021-03-24,XRX,5Y,0.01877626,0.01900192,0.0433476,0.01,Y,23.48,22.82923208014077
2021-03-25,XRX,5Y,0.01945361,0.01877096,-0.15047237,0.05,N,24.43,22.82923208014077
2021-03-26,XRX,5Y,0.01955792,0.0188865,-0.14975504,0.05,N,24.98,22.82923208014077
2021-03-29,XRX,5Y,0.01945479,0.01876253,-0.15012385,0.05,N,24.25,22.82923208014077
2021-03-30,XRX,5Y,0.01941596,0.01874718,-0.15005327,0.05,N,24.5,22.82923208014077
2021-03-31,XRX,5Y,0.01941217,0.01965089,0.04612254,0.01,Y,24.27,22.82923208014077
2021-04-01,XRX,5Y,0.01913531,0.01847097,-0.15127441,0.05,N,24.59,22.82923208014077
2021-04-05,XRX,5Y,0.01876043,0.01809453,-0.15287101,0.05,N,24.78,22.82923208014077
2021-04-06,XRX,5Y,0.01867256,0.0188868,0.04243541,0.01,Y,25.05,22.82923208014077
2021-04-07,XRX,5Y,0.01855697,0.0187625,0.04189097,0.01,Y,25.0,22.82923208014077
2021-04-08,XRX,5Y,0.01834863,0.01770045,-0.15506446,0.05,N,24.73,22.82923208014077
2021-04-09,XRX,5Y,0.01831783,0.01851907,0.04076424,0.01,Y,24.89,22.82923208014077
2021-04-12,XRX,5Y,0.01836837,0.01773806,-0.15460396,0.05,N,24.93,22.82923208014077
2021-04-13,XRX,5Y,0.0186648,0.018875,0.04228969,0.01,Y,24.54,22.82923208014077
2021-04-14,XRX,5Y,0.01856325,0.01792486,-0.15353124,0.05,N,24.69,22.82923208014077
2021-04-15,XRX,5Y,0.01834265,0.01770215,-0.15466199,0.05,N,24.74,22.82923208014077
2021-04-16,XRX,5Y,0.01826337,0.01763358,-0.15508205,0.05,N,25.07,22.82923208014077
2021-04-19,XRX,5Y,0.01838791,0.0177414,-0.15420301,0.05,N,25.32,22.82923208014077
2021-04-20,XRX,5Y,0.01869222,0.01805114,-0.15249116,0.05,N,23.71,22.67288495375761
2021-04-21,XRX,5Y,0.01862831,0.01883513,0.04203225,0.01,Y,24.32,22.67288495375761
2021-04-22,XRX,5Y,0.01846791,0.01783845,-0.15357716,0.05,N,23.96,22.67288495375761
2021-04-23,XRX,5Y,0.0185891,0.01879303,0.041796,0.01,Y,24.38,22.67288495375761
2021-04-26,XRX,5Y,0.0185807,0.01878371,0.04167319,0.01,Y,24.42,22.67288495375761
2021-04-27,XRX,5Y,0.01859275,0.01796444,-0.15239044,0.05,N,24.25,22.67288495375761
2021-04-28,XRX,5Y,0.01854753,0.01791494,-0.1524995,0.05,N,24.52,22.67288495375761
2021-04-29,XRX,5Y,0.01854767,0.0179155,-0.15250152,0.05,N,24.61,22.67288495375761
2021-04-30,XRX,5Y,0.01854789,0.01791638,-0.15241159,0.05,N,24.14,23.08445629643047
2021-05-03,XRX,5Y,0.01855062,0.01791021,-0.15223962,0.05,N,24.1,23.08445629643047
2021-05-04,XRX,5Y,0.01895701,0.01831545,-0.15002431,0.05,N,23.84,23.08445629643047
2021-05-05,XRX,5Y,0.01903607,0.01839544,-0.14955498,0.05,N,23.87,23.08445629643047
2021-05-06,XRX,5Y,0.01946924,0.01882385,-0.14724887,0.05,N,24.32,23.08445629643047
2021-05-07,XRX,5Y,0.01954916,0.01978371,0.04600639,0.01,Y,24.47,23.08445629643047
2021-05-10,XRX,5Y,0.01963743,0.01987901,0.04639586,0.01,Y,24.14,23.08445629643047
2021-05-11,XRX,5Y,0.02014734,0.01949549,-0.1434124,0.05,N,23.98,23.08445629643047
2021-05-12,XRX,5Y,0.0207852,0.02107167,0.05167995,0.01,Y,22.85,23.08445629643047
2021-05-13,XRX,5Y,0.02092648,0.02026917,-0.13902653,0.05,N,23.17,23.08445629643047
2021-05-14,XRX,5Y,0.02076386,0.02104237,0.05147669,0.01,Y,24.21,23.08445629643047
2021-05-17,XRX,5Y,0.02086478,0.02022516,-0.13907765,0.05,N,24.31,23.08445629643047
2021-05-18,XRX,5Y,0.02112953,0.02142558,0.05307705,0.01,Y,23.72,23.08445629643047
2021-05-19,XRX,5Y,0.02184794,0.02118837,-0.13392946,0.05,N,23.82,23.08445629643047
2021-05-20,XRX,5Y,0.02201794,0.02135865,-0.13290358,0.05,N,23.68,23.08445629643047
2021-05-21,XRX,5Y,0.02200537,0.02233337,0.05700833,0.01,Y,23.74,23.08445629643047
2021-05-24,XRX,5Y,0.02202403,0.02138108,-0.13259017,0.05,N,23.89,23.08445629643047
2021-05-25,XRX,5Y,0.02222027,0.02256042,0.05790357,0.01,Y,23.39,23.08445629643047
2021-05-26,XRX,5Y,0.0224605,0.02181568,-0.13034726,0.05,N,23.75,23.08445629643047
2021-05-27,XRX,5Y,0.02217123,0.02250201,0.05762731,0.01,Y,23.99,23.08445629643047
2021-05-28,XRX,5Y,0.0221433,0.0224766,0.05747453,0.01,Y,23.45,23.08445629643047
2021-06-01,XRX,5Y,0.0223187,0.02265,0.05812778,0.01,Y,23.42,23.08445629643047
2021-06-02,XRX,5Y,0.02223307,0.02159777,-0.13097059,0.05,N,24.04,23.08445629643047
2021-06-03,XRX,5Y,0.02247638,0.02282394,0.05882539,0.01,Y,23.99,23.08445629643047
2021-06-04,XRX,5Y,0.02249707,0.02185584,-0.12947258,0.05,N,24.19,23.08445629643047
2021-06-07,XRX,5Y,0.02246482,0.02280334,0.05863272,0.01,Y,24.07,23.08445629643047
2021-06-08,XRX,5Y,0.02227147,0.02163951,-0.13042326,0.05,N,24.82,23.08445629643047
2021-06-09,XRX,5Y,0.02212687,0.02148159,-0.13121913,0.05,N,25.16,23.08445629643047
2021-06-10,XRX,5Y,0.0220048,0.02136155,-0.13183351,0.05,N,25.09,23.08445629643047
2021-06-11,XRX,5Y,0.02189703,0.02221,0.05600754,0.01,Y,25.27,23.08445629643047
2021-06-14,XRX,5Y,0.02183313,0.02214104,0.05559582,0.01,Y,24.41,23.08445629643047
2021-06-15,XRX,5Y,0.02167446,0.02197692,0.05482243,0.01,Y,24.55,23.08445629643047
2021-06-16,XRX,5Y,0.02175131,0.02205833,0.05514819,0.01,Y,24.65,23.08445629643047
2021-06-17,XRX,5Y,0.02175521,0.02111689,-0.13227477,0.05,N,23.63,23.08445629643047
2021-06-18,XRX,5Y,0.02185788,0.022175,0.05548719,0.01,Y,23.43,23.08445629643047
2021-06-21,XRX,5Y,0.02185897,0.02217017,0.0553761,0.01,Y,23.75,23.08445629643047
2021-06-22,XRX,5Y,0.02207107,0.02239644,0.05631791,0.01,Y,23.38,23.08445629643047
2021-06-23,XRX,5Y,0.02206221,0.02238053,0.05625253,0.01,Y,23.43,23.08445629643047
2021-06-24,XRX,5Y,0.02200346,0.02137761,-0.1304213,0.05,N,23.83,23.08445629643047
2021-06-25,XRX,5Y,0.02196711,0.02228738,0.05574296,0.01,Y,24.33,23.08445629643047
2021-06-28,XRX,5Y,0.02189747,0.02220659,0.05529233,0.01,Y,23.83,23.08445629643047
2021-06-29,XRX,5Y,0.02180891,0.02211256,0.05488156,0.01,Y,23.34,23.08445629643047
2021-06-30,XRX,5Y,0.02179804,0.02210059,0.05480639,0.01,Y,23.49,23.08445629643047
2021-07-01,XRX,5Y,0.02176678,0.02113715,-0.13118394,0.05,N,23.82,23.08445629643047
2021-07-02,XRX,5Y,0.02227407,0.02259513,0.05685786,0.01,Y,24.03,23.08445629643047
2021-07-06,XRX,5Y,0.02154704,0.02092024,-0.13200248,0.05,N,23.7,23.08445629643047
2021-07-07,XRX,5Y,0.02134851,0.02071262,-0.13310974,0.05,N,24.1,23.08445629643047
2021-07-08,XRX,5Y,0.02178932,0.02115899,-0.13081983,0.05,N,23.82,23.08445629643047
2021-07-09,XRX,5Y,0.0217522,0.02111411,-0.13108704,0.05,N,24.11,23.08445629643047
2021-07-12,XRX,5Y,0.02174677,0.02205737,0.05437739,0.01,Y,24.07,23.08445629643047
2021-07-13,XRX,5Y,0.02183307,0.02119096,-0.13028515,0.05,N,23.38,23.08445629643047
2021-07-14,XRX,5Y,0.02182011,0.02119064,-0.13012071,0.05,N,23.6,23.08445629643047
2021-07-15,XRX,5Y,0.02195658,0.02131966,-0.12950757,0.05,N,23.32,23.08445629643047
2021-07-16,XRX,5Y,0.02199384,0.02136811,-0.12923712,0.05,N,22.56,23.08445629643047
2021-07-19,XRX,5Y,0.02241294,0.02274657,0.05712529,0.01,Y,21.95,23.08445629643047
2021-07-20,XRX,5Y,0.02242289,0.02179705,-0.12700887,0.05,N,22.61,23.08445629643047
2021-07-21,XRX,5Y,0.02235772,0.02173636,-0.12728893,0.05,N,23.7,23.08445629643047
2021-07-22,XRX,5Y,0.02233523,0.02265954,0.05673053,0.01,Y,23.25,23.08445629643047
2021-07-23,XRX,5Y,0.02210792,0.02147906,-0.12840386,0.05,N,23.43,23.08445629643047
2021-07-26,XRX,5Y,0.02208145,0.02239313,0.05550077,0.01,Y,23.62,23.08445629643047
2021-07-27,XRX,5Y,0.02196396,0.02227673,0.05497134,0.01,Y,24.81,23.26870747435831
2021-07-28,XRX,5Y,0.02168926,0.02106588,-0.13016324,0.05,N,24.38,23.26870747435831
2021-07-29,XRX,5Y,0.02152716,0.02090474,-0.13089623,0.05,N,24.28,23.26870747435831
2021-07-30,XRX,5Y,0.02140618,0.02079486,-0.13133213,0.05,N,24.13,23.26870747435831
2021-08-02,XRX,5Y,0.0213413,0.02073348,-0.13149307,0.05,N,24.08,23.26870747435831
2021-08-03,XRX,5Y,0.02138899,0.02167164,0.05225703,0.01,Y,24.37,23.26870747435831
2021-08-04,XRX,5Y,0.02151233,0.02090418,-0.13063245,0.05,N,23.44,23.26870747435831
2021-08-05,XRX,5Y,0.02148358,0.02176916,0.05260826,0.01,Y,23.48,23.702353881736496
2021-08-06,XRX,5Y,0.02136219,0.02076075,-0.13103047,0.05,N,23.95,23.702353881736496
2021-08-09,XRX,5Y,0.02140116,0.02080102,-0.13051498,0.05,N,23.81,23.702353881736496
2021-08-10,XRX,5Y,0.02140481,0.02080353,-0.13038599,0.05,N,24.0,23.702353881736496
2021-08-11,XRX,5Y,0.0213348,0.02161763,0.05166736,0.01,Y,24.33,23.702353881736496
2021-08-12,XRX,5Y,0.02124243,0.02064327,-0.13106424,0.05,N,24.16,23.702353881736496
2021-08-13,XRX,5Y,0.02123521,0.02151067,0.05117151,0.01,Y,23.9,23.702353881736496
2021-08-16,XRX,5Y,0.02131076,0.02158607,0.05143817,0.01,Y,23.77,23.702353881736496
2021-08-17,XRX,5Y,0.02145022,0.020847,-0.12980394,0.05,N,23.47,23.702353881736496
2021-08-18,XRX,5Y,0.02139314,0.0207978,-0.12995383,0.05,N,22.98,23.702353881736496
2021-08-19,XRX,5Y,0.02150054,0.02090586,-0.12933284,0.05,N,22.26,23.702353881736496
2021-08-20,XRX,5Y,0.02166118,0.02106369,-0.12849097,0.05,N,22.5,23.702353881736496
2021-08-23,XRX,5Y,0.02156355,0.02184575,0.05235372,0.01,Y,22.6,23.702353881736496
2021-08-24,XRX,5Y,0.02132717,0.02073595,-0.12985739,0.05,N,22.84,23.702353881736496
2021-08-25,XRX,5Y,0.02132931,0.02160212,0.05126449,0.01,Y,22.88,23.702353881736496
2021-08-26,XRX,5Y,0.02133788,0.02161058,0.05124711,0.01,Y,22.34,23.702353881736496
2021-08-27,XRX,5Y,0.02109829,0.02136155,0.050165,0.01,Y,22.84,23.702353881736496
2021-08-30,XRX,5Y,0.02108354,0.02134591,0.05005888,0.01,Y,22.37,23.702353881736496
2021-08-31,XRX,5Y,0.02095186,0.02036744,-0.13123323,0.05,N,22.51,23.702353881736496
2021-09-01,XRX,5Y,0.02090278,0.02115828,0.04923348,0.01,Y,22.39,23.702353881736496
2021-09-02,XRX,5Y,0.02086956,0.02028691,-0.1314892,0.05,N,23.22,23.702353881736496
2021-09-03,XRX,5Y,0.02080568,0.02106003,0.04877434,0.01,Y,22.51,23.702353881736496
2021-09-07,XRX,5Y,0.02066232,0.02007914,-0.1321804,0.05,N,21.77,23.702353881736496
2021-09-08,XRX,5Y,0.02058288,0.01999815,-0.13243388,0.05,N,21.15,23.702353881736496
2021-09-09,XRX,5Y,0.02059195,0.02000644,-0.13234281,0.05,N,21.2,23.702353881736496
2021-09-10,XRX,5Y,0.02059222,0.02001459,-0.13226013,0.05,N,20.76,23.702353881736496
2021-09-13,XRX,5Y,0.02074027,0.02099167,0.04820187,0.01,Y,20.92,23.702353881736496
2021-09-14,XRX,5Y,0.02099867,0.02040853,-0.13000302,0.05,N,20.59,23.702353881736496
2021-09-15,XRX,5Y,0.02131857,0.02159253,0.05068157,0.01,Y,21.0,23.702353881736496
2021-09-16,XRX,5Y,0.02143611,0.02171022,0.05114054,0.01,Y,20.98,23.702353881736496
2021-09-17,XRX,5Y,0.02173387,0.02113482,-0.12618146,0.05,N,20.98,23.702353881736496
2021-09-20,XRX,5Y,0.02534606,0.02587925,0.07418892,0.01,Y,20.89,23.702353881736496
2021-09-21,XRX,5Y,0.0256136,0.02488783,-0.11785147,0.05,N,20.18,23.702353881736496
2021-09-22,XRX,5Y,0.02582717,0.02510443,-0.11666854,0.05,N,20.32,23.702353881736496
2021-09-23,XRX,5Y,0.02590897,0.02518627,-0.11612813,0.05,N,20.68,23.702353881736496
2021-09-24,XRX,5Y,0.02633721,0.02692334,0.07847581,0.01,Y,20.77,23.702353881736496
2021-09-27,XRX,5Y,0.02644339,0.02572615,-0.11293007,0.05,N,21.32,23.702353881736496
2021-09-28,XRX,5Y,0.02706466,0.02769601,0.08156753,0.01,Y,21.1,23.702353881736496
2021-09-29,XRX,5Y,0.02729823,0.0279441,0.08257868,0.01,Y,20.43,23.702353881736496
2021-09-30,XRX,5Y,0.02750235,0.02679084,-0.10731996,0.05,N,20.17,23.702353881736496
2021-10-01,XRX,5Y,0.02770723,0.02699644,-0.10624274,0.05,N,21.0,23.702353881736496
2021-10-04,XRX,5Y,0.02810366,0.02879736,0.08612599,0.01,Y,20.82,23.702353881736496
2021-10-05,XRX,5Y,0.02814962,0.02744734,-0.10385783,0.05,N,21.09,23.702353881736496
2021-10-06,XRX,5Y,0.02844727,0.02916053,0.08752688,0.01,Y,20.99,23.702353881736496
2021-10-07,XRX,5Y,0.02819466,0.02749294,-0.10345846,0.05,N,21.16,23.702353881736496
2021-10-08,XRX,5Y,0.02817985,0.02887478,0.08615712,0.01,Y,21.05,23.702353881736496
2021-10-11,XRX,5Y,0.02788979,0.02718753,-0.10466716,0.05,N,20.7,23.702353881736496
2021-10-12,XRX,5Y,0.02824137,0.02754153,-0.10284392,0.05,N,20.63,23.702353881736496
2021-10-13,XRX,5Y,0.02753911,0.0281875,0.08298172,0.01,Y,20.25,23.702353881736496
2021-10-14,XRX,5Y,0.02703376,0.02633276,-0.10871564,0.05,N,20.4,23.702353881736496
2021-10-15,XRX,5Y,0.02659017,0.02718,0.07861825,0.01,Y,20.52,23.702353881736496
2021-10-18,XRX,5Y,0.02670359,0.02600134,-0.11006051,0.05,N,20.11,23.702353881736496
2021-10-19,XRX,5Y,0.02644322,0.027025,0.07763887,0.01,Y,20.45,23.702353881736496
2021-10-20,XRX,5Y,0.02618381,0.02547997,-0.11250358,0.05,N,20.55,23.702353881736496
2021-10-21,XRX,5Y,0.02613692,0.02668635,0.07616081,0.01,Y,20.86,23.702353881736496
2021-10-22,XRX,5Y,0.02628011,0.02684042,0.07665963,0.01,Y,20.74,23.702353881736496
2021-10-25,XRX,5Y,0.0262956,0.02561728,-0.11139502,0.05,N,20.57,23.702353881736496
2021-10-26,XRX,5Y,0.02880901,0.02952,0.08776078,0.01,Y,18.2,24.197976382374055
2021-10-27,XRX,5Y,0.02899823,0.02832362,-0.09786135,0.05,N,17.79,24.197976382374055
2021-10-28,XRX,5Y,0.02931007,0.03004338,0.08984115,0.01,Y,18.0,24.197976382374055
2021-10-29,XRX,5Y,0.02960293,0.02894658,-0.09471372,0.05,N,17.8,24.197976382374055
2021-11-01,XRX,5Y,0.02948901,0.03022784,0.09038456,0.01,Y,18.58,24.197976382374055
2021-11-02,XRX,5Y,0.02937533,0.02871742,-0.09561561,0.05,N,19.2,24.197976382374055
2021-11-03,XRX,5Y,0.02906085,0.02977,0.08848132,0.01,Y,19.44,24.197976382374055
2021-11-04,XRX,5Y,0.02867427,0.02802243,-0.09898712,0.05,N,18.85,24.640588600367234
2021-11-05,XRX,5Y,0.02778002,0.02841001,0.08284941,0.01,Y,19.53,24.640588600367234
2021-11-08,XRX,5Y,0.02735203,0.02668689,-0.10557515,0.05,N,19.53,24.640588600367234
2021-11-09,XRX,5Y,0.02717355,0.02776399,0.07993948,0.01,Y,19.86,24.640588600367234
2021-11-10,XRX,5Y,0.02720649,0.02654947,-0.10608783,0.05,N,19.76,24.640588600367234
2021-11-11,XRX,5Y,0.0271886,0.02652846,-0.10584258,0.05,N,20.05,24.640588600367234
2021-11-12,XRX,5Y,0.02709519,0.02642291,-0.10631005,0.05,N,20.18,24.640588600367234
2021-11-15,XRX,5Y,0.0266518,0.02598909,-0.10825943,0.05,N,19.87,24.640588600367234
2021-11-16,XRX,5Y,0.02616388,0.02549419,-0.11060082,0.05,N,19.75,24.640588600367234
2021-11-17,XRX,5Y,0.02617286,0.02551433,-0.11042653,0.05,N,19.61,24.640588600367234
2021-11-18,XRX,5Y,0.02617335,0.02551499,-0.11045049,0.05,N,19.2,24.640588600367234
2021-11-19,XRX,5Y,0.02627835,0.02562391,-0.10988472,0.05,N,19.2,24.640588600367234
2021-11-22,XRX,5Y,0.02614571,0.02548416,-0.11038426,0.05,N,19.88,24.640588600367234
2021-11-23,XRX,5Y,0.02613666,0.02666677,0.07448171,0.01,Y,20.19,24.640588600367234
2021-11-24,XRX,5Y,0.02634421,0.02569432,-0.10895343,0.05,N,20.2,24.640588600367234
2021-11-26,XRX,5Y,0.02727023,0.02661248,-0.10433139,0.05,N,19.26,24.640588600367234
2021-11-29,XRX,5Y,0.02689471,0.02745367,0.07777821,0.01,Y,19.17,24.640588600367234
2021-11-30,XRX,5Y,0.02805648,0.02741408,-0.10057539,0.05,N,18.42,24.640588600367234
2021-12-01,XRX,5Y,0.02699157,0.02634663,-0.10571128,0.05,N,19.16,24.640588600367234
2021-12-02,XRX,5Y,0.02559909,0.02495204,-0.11254839,0.05,N,19.9,24.640588600367234
2021-12-03,XRX,5Y,0.02553659,0.0248908,-0.11265499,0.05,N,20.0,24.640588600367234
2021-12-06,XRX,5Y,0.02491462,0.0253654,0.06877046,0.01,Y,20.47,24.640588600367234
2021-12-07,XRX,5Y,0.02392121,0.02433,0.06430302,0.01,Y,20.63,24.640588600367234
2021-12-08,XRX,5Y,0.02351656,0.02287782,-0.12222094,0.05,N,21.14,24.640588600367234
2021-12-09,XRX,5Y,0.02341224,0.02277264,-0.12267124,0.05,N,21.06,24.640588600367234
2021-12-10,XRX,5Y,0.02305682,0.0224252,-0.12434798,0.05,N,21.15,24.640588600367234
2021-12-13,XRX,5Y,0.02320298,0.0225664,-0.12350528,0.05,N,20.55,24.640588600367234
2021-12-14,XRX,5Y,0.023058,0.02242838,-0.12427586,0.05,N,20.56,24.640588600367234
2021-12-15,XRX,5Y,0.02280293,0.02217549,-0.12541258,0.05,N,20.7,24.640588600367234
2021-12-16,XRX,5Y,0.02287222,0.02223951,-0.12506267,0.05,N,20.64,24.640588600367234
2021-12-17,XRX,5Y,0.02310707,0.02347,0.06042542,0.01,Y,20.51,24.640588600367234
2021-12-20,XRX,5Y,0.02346449,0.0238375,0.0618744,0.01,Y,20.16,24.640588600367234
2021-12-21,XRX,5Y,0.02281733,0.0221941,-0.12512414,0.05,N,21.37,24.640588600367234
2021-12-22,XRX,5Y,0.02232676,0.02170865,-0.12734728,0.05,N,21.89,24.640588600367234
2021-12-23,XRX,5Y,0.0220783,0.02239167,0.05559581,0.01,Y,22.45,24.640588600367234
2021-12-27,XRX,5Y,0.02145103,0.02084201,-0.13129581,0.05,N,22.72,24.640588600367234
2021-12-28,XRX,5Y,0.02111681,0.0205096,-0.1328719,0.05,N,23.04,24.640588600367234
2021-12-29,XRX,5Y,0.02099707,0.02126576,0.05058652,0.01,Y,23.35,24.640588600367234
2021-12-30,XRX,5Y,0.02100829,0.02128065,0.0506077,0.01,Y,22.82,24.640588600367234
2021-12-31,XRX,5Y,0.02056855,0.0199628,-0.13546731,0.05,N,22.64,24.640588600367234
2022-01-03,XRX,5Y,0.02080158,0.02018146,-0.13416188,0.05,N,22.76,24.640588600367234
2022-01-04,XRX,5Y,0.02061874,0.02087953,0.04870691,0.01,Y,23.76,24.640588600367234
2022-01-05,XRX,5Y,0.02057439,0.01996712,-0.13492465,0.05,N,23.33,24.640588600367234
2022-01-06,XRX,5Y,0.02084043,0.0211025,0.0495571,0.01,Y,23.64,24.640588600367234
2022-01-07,XRX,5Y,0.02105361,0.02045052,-0.13200838,0.05,N,23.7,24.640588600367234
2022-01-10,XRX,5Y,0.02110484,0.02137571,0.05053043,0.01,Y,23.69,24.640588600367234
2022-01-11,XRX,5Y,0.02079121,0.02105001,0.04908414,0.01,Y,23.82,24.640588600367234
2022-01-12,XRX,5Y,0.02082154,0.02022862,-0.13266895,0.05,N,23.62,24.640588600367234
2022-01-13,XRX,5Y,0.02097758,0.02124177,0.04987415,0.01,Y,23.93,24.640588600367234
2022-01-14,XRX,5Y,0.02163774,0.02193011,0.05278252,0.01,Y,23.82,24.640588600367234
2022-01-18,XRX,5Y,0.02207677,0.02238334,0.05447588,0.01,Y,23.51,24.640588600367234
2022-01-19,XRX,5Y,0.0221722,0.02248167,0.05474182,0.01,Y,22.83,24.640588600367234
2022-01-20,XRX,5Y,0.02252835,0.02192581,-0.12341974,0.05,N,22.42,24.640588600367234
2022-01-21,XRX,5Y,0.02291304,0.02325,0.05792185,0.01,Y,21.69,24.640588600367234
2022-01-24,XRX,5Y,0.02382719,0.0242,0.06182478,0.01,Y,20.98,24.640588600367234
2022-01-25,XRX,5Y,0.02512262,0.02451103,-0.11084541,0.05,N,19.98,26.638393303517134
2022-01-26,XRX,5Y,0.02569107,0.02615,0.06970939,0.01,Y,20.11,26.638393303517134
2022-01-27,XRX,5Y,0.02678135,0.02729333,0.07410534,0.01,Y,20.43,26.638393303517134
2022-01-28,XRX,5Y,0.02732682,0.02671527,-0.09989744,0.05,N,20.52,26.638393303517134
2022-01-31,XRX,5Y,0.02754665,0.02808671,0.0771185,0.01,Y,21.11,26.638393303517134
2022-02-01,XRX,5Y,0.02693145,0.02744167,0.07451547,0.01,Y,22.06,26.638393303517134
2022-02-02,XRX,5Y,0.02681778,0.02622125,-0.1020394,0.05,N,22.09,26.638393303517134
2022-02-03,XRX,5Y,0.02789024,0.02730033,-0.09700632,0.05,N,21.94,26.638393303517134
2022-02-04,XRX,5Y,0.02855533,0.0279734,-0.09373343,0.05,N,22.04,26.638393303517134
2022-02-07,XRX,5Y,0.02826191,0.02767111,-0.09471664,0.05,N,21.7,26.638393303517134
2022-02-08,XRX,5Y,0.0281255,0.02869727,0.0789549,0.01,Y,21.39,26.638393303517134
2022-02-09,XRX,5Y,0.02725996,0.02666355,-0.0991763,0.05,N,21.48,26.638393303517134
2022-02-10,XRX,5Y,0.02766158,0.02821101,0.07687858,0.01,Y,21.4,26.638393303517134
2022-02-11,XRX,5Y,0.02797002,0.02853221,0.07773222,0.01,Y,21.23,26.638393303517134
2022-02-14,XRX,5Y,0.02832563,0.02890757,0.07928647,0.01,Y,20.56,26.638393303517134
2022-02-15,XRX,5Y,0.02787227,0.02727754,-0.0956446,0.05,N,22.15,26.638393303517134
2022-02-16,XRX,5Y,0.02733865,0.02786557,0.07499296,0.01,Y,23.18,26.638393303517134
2022-02-17,XRX,5Y,0.02742963,0.02683454,-0.09770607,0.05,N,22.07,26.638393303517134
2022-02-18,XRX,5Y,0.02766897,0.02821396,0.07645561,0.01,Y,21.82,26.638393303517134
2022-02-22,XRX,5Y,0.02863816,0.02805152,-0.09205864,0.05,N,20.92,26.638393303517134
2022-02-23,XRX,5Y,0.02948293,0.0289032,-0.08806687,0.05,N,20.05,26.638393303517134
2022-02-24,XRX,5Y,0.0298841,0.0305375,0.08506251,0.01,Y,19.78,26.638393303517134
2022-02-25,XRX,5Y,0.02945154,0.02888455,-0.08803376,0.05,N,20.06,27.14656801900657
2022-02-28,XRX,5Y,0.02962631,0.03025652,0.0838814,0.01,Y,19.71,27.14656801900657
2022-03-01,XRX,5Y,0.03005363,0.029497,-0.0853092,0.05,N,18.81,27.14656801900657
2022-03-02,XRX,5Y,0.02983903,0.02928498,-0.08653919,0.05,N,19.65,27.14656801900657
2022-03-03,XRX,5Y,0.03043705,0.02989279,-0.0834114,0.05,N,19.32,27.14656801900657
2022-03-04,XRX,5Y,0.03149129,0.03221086,0.09129908,0.01,Y,18.51,27.14656801900657
2022-03-07,XRX,5Y,0.0331947,0.03269182,-0.07100536,0.05,N,17.63,27.14656801900657
2022-03-08,XRX,5Y,0.03367098,0.03450085,0.09965544,0.01,Y,17.91,27.14656801900657
2022-03-09,XRX,5Y,0.03320364,0.03270576,-0.07063598,0.05,N,18.86,27.14656801900657
2022-03-10,XRX,5Y,0.03345929,0.03295946,-0.06941017,0.05,N,18.82,27.14656801900657
2022-03-11,XRX,5Y,0.03356492,0.03307779,-0.06878297,0.05,N,18.66,27.14656801900657
2022-03-14,XRX,5Y,0.03420237,0.03372112,-0.06585328,0.05,N,18.63,27.14656801900657
2022-03-15,XRX,5Y,0.03469401,0.03422225,-0.06367563,0.05,N,19.09,27.14656801900657
2022-03-16,XRX,5Y,0.03355004,0.03306167,-0.0684001,0.05,N,19.72,27.14656801900657
2022-03-17,XRX,5Y,0.03253658,0.03204421,-0.07266114,0.05,N,19.59,27.14656801900657
2022-03-18,XRX,5Y,0.03220359,0.03169179,-0.07410431,0.05,N,20.11,27.14656801900657
2022-03-21,XRX,5Y,0.03469004,0.03414082,-0.06885669,0.05,N,19.96,27.14656801900657
2022-03-22,XRX,5Y,0.03508452,0.03616622,0.11213974,0.01,Y,20.24,27.14656801900657
2022-03-23,XRX,5Y,0.03581972,0.03530373,-0.06309711,0.05,N,19.79,27.14656801900657
2022-03-24,XRX,5Y,0.03566894,0.03676624,0.11439034,0.01,Y,20.15,27.14656801900657
2022-03-25,XRX,5Y,0.03557157,0.03665364,0.11375087,0.01,Y,20.73,27.14656801900657
2022-03-28,XRX,5Y,0.0353926,0.034885,-0.06463482,0.05,N,20.56,27.14656801900657
2022-03-29,XRX,5Y,0.03420551,0.0351754,0.10741344,0.01,Y,20.82,27.14656801900657
2022-03-30,XRX,5Y,0.0338974,0.03484104,0.1061968,0.01,Y,20.46,27.14656801900657
2022-03-31,XRX,5Y,0.03398921,0.03493122,0.10664394,0.01,Y,20.17,27.14656801900657
2022-04-01,XRX,5Y,0.03398381,0.03344734,-0.07119436,0.05,N,19.97,27.14656801900657
2022-04-04,XRX,5Y,0.03375571,0.03321796,-0.07242789,0.05,N,19.5,27.14656801900657
2022-04-05,XRX,5Y,0.03416022,0.03363541,-0.07053587,0.05,N,19.25,27.14656801900657
2022-04-06,XRX,5Y,0.03505738,0.03607054,0.1108632,0.01,Y,19.02,27.14656801900657
2022-04-07,XRX,5Y,0.03584532,0.03536078,-0.06243271,0.05,N,19.38,27.14656801900657
2022-04-08,XRX,5Y,0.03607731,0.037153,0.11498426,0.01,Y,19.19,27.14656801900657
2022-04-11,XRX,5Y,0.03673816,0.0378662,0.11727552,0.01,Y,19.42,27.14656801900657
2022-04-12,XRX,5Y,0.03708721,0.03663091,-0.05650671,0.05,N,18.99,27.14656801900657
2022-04-13,XRX,5Y,0.03680341,0.03634379,-0.05794321,0.05,N,19.29,27.14656801900657
2022-04-14,XRX,5Y,0.03679928,0.03633289,-0.05798507,0.05,N,18.79,27.14656801900657
2022-04-18,XRX,5Y,0.03698849,0.0365357,-0.05682936,0.05,N,19.04,27.14656801900657
2022-04-19,XRX,5Y,0.03754095,0.03711492,-0.05421884,0.05,N,19.56,27.14656801900657
2022-04-20,XRX,5Y,0.03747552,0.03704792,-0.05431755,0.05,N,19.85,27.14656801900657
2022-04-21,XRX,5Y,0.03908974,0.03870516,-0.04708331,0.05,N,16.74,27.581439608694467
2022-04-22,XRX,5Y,0.04055975,0.04186495,0.13080362,0.01,Y,17.13,27.581439608694467
2022-04-25,XRX,5Y,0.04148051,0.04117467,-0.03626992,0.05,N,17.66,27.581439608694467
2022-04-26,XRX,5Y,0.04266855,0.04408209,0.13865841,0.01,Y,17.46,27.581439608694467
2022-04-27,XRX,5Y,0.04357429,0.04333594,-0.02723949,0.05,N,17.07,27.581439608694467
2022-04-28,XRX,5Y,0.04445627,0.04424353,-0.02340516,0.05,N,17.53,27.581439608694467
2022-04-29,XRX,5Y,0.04570937,0.04554259,-0.01800078,0.05,N,17.4,27.581439608694467
2022-05-02,XRX,5Y,0.04622827,0.04607866,-0.01574768,0.05,N,17.47,27.581439608694467
2022-05-03,XRX,5Y,0.04662447,0.04649448,-0.01403392,0.05,N,17.71,27.581439608694467
2022-05-04,XRX,5Y,0.04595538,0.04580808,-0.01681829,0.05,N,18.37,27.581439608694467
2022-05-05,XRX,5Y,0.04741361,0.04731298,-0.01074043,0.05,N,17.78,28.091703409209998
2022-05-06,XRX,5Y,0.04841226,0.04835034,-0.00655243,0.05,N,17.67,28.091703409209998
2022-05-09,XRX,5Y,0.04947769,0.04945687,-0.00214369,0.05,N,17.24,28.091703409209998
2022-05-10,XRX,5Y,0.04992901,0.04992617,-0.00029176,0.05,N,17.35,28.091703409209998
2022-05-11,XRX,5Y,0.04976749,0.05162729,0.16331847,0.01,Y,16.85,28.091703409209998
2022-05-12,XRX,5Y,0.04989851,0.05168504,0.16348053,0.01,Y,16.78,28.091703409209998
2022-05-13,XRX,5Y,0.04874997,0.05047129,0.15970205,0.01,Y,17.27,28.091703409209998
2022-05-16,XRX,5Y,0.04882224,0.04877847,-0.00484044,0.05,N,17.52,28.091703409209998
2022-05-17,XRX,5Y,0.04782502,0.04774763,-0.00896765,0.05,N,18.49,28.091703409209998
2022-05-18,XRX,5Y,0.04853825,0.04848551,-0.00599166,0.05,N,17.53,28.091703409209998
2022-05-19,XRX,5Y,0.04837074,0.04831222,-0.00668547,0.05,N,17.24,28.091703409209998
2022-05-20,XRX,5Y,0.04794206,0.04786842,-0.0084657,0.05,N,17.18,28.091703409209998
2022-05-23,XRX,5Y,0.04690787,0.04679963,-0.01275887,0.05,N,17.46,28.091703409209998
2022-05-24,XRX,5Y,0.04593976,0.04580018,-0.01678137,0.05,N,17.29,28.091703409209998
2022-05-25,XRX,5Y,0.04435147,0.0441658,-0.02351721,0.05,N,17.58,28.091703409209998
2022-05-26,XRX,5Y,0.04151418,0.04125256,-0.03566965,0.05,N,18.11,28.091703409209998
2022-05-27,XRX,5Y,0.04010892,0.03982246,-0.04169898,0.05,N,18.53,28.091703409209998
2022-05-31,XRX,5Y,0.04008117,0.03978915,-0.04171858,0.05,N,18.82,28.091703409209998
2022-06-01,XRX,5Y,0.03914067,0.03883141,-0.04574612,0.05,N,18.92,28.091703409209998
2022-06-02,XRX,5Y,0.03832941,0.0392526,0.11927423,0.01,Y,19.15,28.091703409209998
2022-06-03,XRX,5Y,0.03814763,0.03908322,0.11861054,0.01,Y,18.8,28.091703409209998
2022-06-06,XRX,5Y,0.03803602,0.03898026,0.11798785,0.01,Y,19.09,28.091703409209998
2022-06-07,XRX,5Y,0.0377705,0.03871972,0.11677968,0.01,Y,19.07,28.091703409209998
2022-06-08,XRX,5Y,0.0378845,0.03752391,-0.05097214,0.05,N,19.05,28.091703409209998
2022-06-09,XRX,5Y,0.03766444,0.03729435,-0.05189612,0.05,N,18.54,28.091703409209998
2022-06-10,XRX,5Y,0.03925291,0.03891386,-0.04492845,0.05,N,17.83,28.091703409209998
2022-06-13,XRX,5Y,0.04162987,0.04288368,0.13038142,0.01,Y,16.49,28.091703409209998
2022-06-14,XRX,5Y,0.04223653,0.04197717,-0.03170907,0.05,N,15.83,28.091703409209998
2022-06-15,XRX,5Y,0.04096255,0.0421691,0.1267831,0.01,Y,16.58,28.091703409209998
2022-06-16,XRX,5Y,0.04143577,0.04268689,0.12909982,0.01,Y,15.51,28.091703409209998
2022-06-17,XRX,5Y,0.04152462,0.04124085,-0.0348254,0.05,N,15.96,28.091703409209998
2022-06-21,XRX,5Y,0.04138345,0.04109517,-0.03529729,0.05,N,15.96,28.091703409209998
2022-06-22,XRX,5Y,0.04121037,0.04091887,-0.03602442,0.05,N,16.17,28.091703409209998
2022-06-23,XRX,5Y,0.04139244,0.04110082,-0.03539927,0.05,N,15.74,28.091703409209998
2022-06-24,XRX,5Y,0.04063288,0.041825,0.12640925,0.01,Y,15.79,28.091703409209998
2022-06-27,XRX,5Y,0.04046253,0.0401535,-0.03927795,0.05,N,16.22,28.091703409209998
2022-06-28,XRX,5Y,0.04130807,0.042525,0.12833066,0.01,Y,15.82,28.091703409209998
2022-06-29,XRX,5Y,0.04238074,0.04212333,-0.03111739,0.05,N,15.07,28.091703409209998
2022-06-30,XRX,5Y,0.04304939,0.04281146,-0.02836073,0.05,N,14.85,28.091703409209998
2022-07-01,XRX,5Y,0.04332157,0.0446802,0.13614073,0.01,Y,14.12,28.091703409209998
2022-07-05,XRX,5Y,0.04439059,0.044193,-0.02287089,0.05,N,13.98,28.091703409209998
2022-07-06,XRX,5Y,0.04527875,0.04510861,-0.0192184,0.05,N,13.69,28.091703409209998
2022-07-07,XRX,5Y,0.04509059,0.04491674,-0.01991512,0.05,N,14.15,28.091703409209998
2022-07-08,XRX,5Y,0.04504874,0.04651905,0.14190825,0.01,Y,14.38,28.091703409209998
2022-07-11,XRX,5Y,0.0452058,0.045036,-0.01933353,0.05,N,14.02,28.091703409209998
2022-07-12,XRX,5Y,0.04582131,0.04734087,0.14434656,0.01,Y,14.19,28.091703409209998
2022-07-13,XRX,5Y,0.04631449,0.04787168,0.14619925,0.01,Y,14.04,28.091703409209998
2022-07-14,XRX,5Y,0.04776794,0.04768487,-0.00892938,0.05,N,13.88,28.091703409209998
2022-07-15,XRX,5Y,0.04741326,0.04731824,-0.01034244,0.05,N,14.53,28.091703409209998
2022-07-18,XRX,5Y,0.04717795,0.04707801,-0.01127322,0.05,N,14.78,28.091703409209998
2022-07-19,XRX,5Y,0.04600119,0.04586059,-0.01602897,0.05,N,15.59,28.091703409209998
2022-07-20,XRX,5Y,0.04517498,0.04501006,-0.01934654,0.05,N,16.13,28.091703409209998
2022-07-21,XRX,5Y,0.04445487,0.04579505,0.13827622,0.01,Y,16.3,28.091703409209998
2022-07-22,XRX,5Y,0.04455721,0.044377,-0.02190748,0.05,N,15.9,28.091703409209998
2022-07-25,XRX,5Y,0.04429119,0.04564784,0.13845765,0.01,Y,15.59,28.091703409209998
2022-07-26,XRX,5Y,0.0443884,0.04572923,0.13851844,0.01,Y,16.38,24.98612611442558
2022-07-27,XRX,5Y,0.04439021,0.0442074,-0.02256431,0.05,N,16.72,24.98612611442558
2022-07-28,XRX,5Y,0.04406107,0.0438722,-0.02392148,0.05,N,16.85,24.98612611442558
2022-07-29,XRX,5Y,0.04327711,0.04306244,-0.02722701,0.05,N,17.13,24.98612611442558
2022-08-01,XRX,5Y,0.04277026,0.04254647,-0.02925888,0.05,N,17.18,24.98612611442558
2022-08-02,XRX,5Y,0.0422359,0.04199507,-0.03148446,0.05,N,16.98,24.98612611442558
2022-08-03,XRX,5Y,0.0420105,0.04315305,0.12919753,0.01,Y,17.48,24.98612611442558
2022-08-04,XRX,5Y,0.0405962,0.0403192,-0.03812375,0.05,N,17.49,24.98612611442558
2022-08-05,XRX,5Y,0.03944091,0.04042045,0.11988462,0.01,Y,17.56,25.470104487248992
2022-08-08,XRX,5Y,0.03858217,0.03951695,0.11597756,0.01,Y,17.62,25.470104487248992
2022-08-09,XRX,5Y,0.03808201,0.03775571,-0.04846748,0.05,N,17.57,25.470104487248992
2022-08-10,XRX,5Y,0.03670917,0.03753852,0.10891622,0.01,Y,18.11,25.470104487248992
2022-08-11,XRX,5Y,0.03588723,0.03552548,-0.05769658,0.05,N,18.44,25.470104487248992
2022-08-12,XRX,5Y,0.03475566,0.03437961,-0.06243953,0.05,N,19.14,25.470104487248992
2022-08-15,XRX,5Y,0.03408459,0.03370355,-0.06522222,0.05,N,19.11,25.470104487248992
2022-08-16,XRX,5Y,0.0335642,0.03422501,0.09683104,0.01,Y,19.24,25.470104487248992
2022-08-17,XRX,5Y,0.03349395,0.03310402,-0.06773855,0.05,N,18.59,25.470104487248992
2022-08-18,XRX,5Y,0.03345912,0.03411358,0.09606143,0.01,Y,18.99,25.470104487248992
2022-08-19,XRX,5Y,0.03389751,0.03350693,-0.06588473,0.05,N,18.58,25.470104487248992
2022-08-22,XRX,5Y,0.03443089,0.03404939,-0.06341085,0.05,N,17.65,25.470104487248992
2022-08-23,XRX,5Y,0.03440527,0.0351,0.09912981,0.01,Y,17.66,25.470104487248992
2022-08-24,XRX,5Y,0.03409728,0.03371531,-0.06462662,0.05,N,17.43,25.470104487248992
2022-08-25,XRX,5Y,0.03381843,0.0334336,-0.06571867,0.05,N,18.02,25.470104487248992
2022-08-26,XRX,5Y,0.03384639,0.03346812,-0.06558338,0.05,N,17.04,25.470104487248992
2022-08-29,XRX,5Y,0.03524445,0.035975,0.10184747,0.01,Y,17.28,25.470104487248992
2022-08-30,XRX,5Y,0.03585202,0.03549707,-0.05687163,0.05,N,16.84,25.470104487248992
2022-08-31,XRX,5Y,0.03664997,0.03630763,-0.05347892,0.05,N,16.62,25.470104487248992
2022-09-01,XRX,5Y,0.0375887,0.03726259,-0.0495178,0.05,N,16.16,25.470104487248992
2022-09-02,XRX,5Y,0.03767598,0.03852573,0.11018292,0.01,Y,15.79,25.470104487248992
2022-09-06,XRX,5Y,0.03796287,0.03764609,-0.04788918,0.05,N,15.86,25.470104487248992
2022-09-07,XRX,5Y,0.03747978,0.03715576,-0.04973412,0.05,N,16.0,25.470104487248992
2022-09-08,XRX,5Y,0.03714455,0.03681872,-0.05116806,0.05,N,16.09,25.470104487248992
2022-09-09,XRX,5Y,0.0369714,0.03776667,0.10722338,0.01,Y,16.38,25.470104487248992
2022-09-12,XRX,5Y,0.03713226,0.03680346,-0.0510163,0.05,N,16.56,25.470104487248992
2022-09-13,XRX,5Y,0.03885781,0.03855954,-0.04390925,0.05,N,16.04,25.470104487248992
2022-09-14,XRX,5Y,0.04000799,0.03973312,-0.03906755,0.05,N,16.04,25.470104487248992
2022-09-15,XRX,5Y,0.04046802,0.04020321,-0.03715375,0.05,N,15.82,25.470104487248992
2022-09-16,XRX,5Y,0.04117551,0.04219751,0.12097374,0.01,Y,16.22,25.470104487248992
2022-09-19,XRX,5Y,0.04196266,0.04302867,0.12363027,0.01,Y,16.27,25.470104487248992
2022-09-20,XRX,5Y,0.04457946,0.04438672,-0.02251414,0.05,N,16.18,25.470104487248992
2022-09-21,XRX,5Y,0.0452944,0.04680045,0.14597713,0.01,Y,15.36,25.470104487248992
2022-09-22,XRX,5Y,0.04607548,0.04593479,-0.0161626,0.05,N,15.16,25.470104487248992
2022-09-23,XRX,5Y,0.04815069,0.04808362,-0.00752942,0.05,N,14.33,25.470104487248992
2022-09-26,XRX,5Y,0.05241146,0.05430952,0.16943559,0.01,Y,13.84,25.470104487248992
2022-09-27,XRX,5Y,0.05299845,0.05311701,0.01193884,0.05,N,14.0,25.470104487248992
2022-09-28,XRX,5Y,0.05301374,0.05313395,0.01200551,0.05,N,14.5,25.470104487248992
2022-09-29,XRX,5Y,0.05374727,0.05588476,0.17473021,0.01,Y,13.43,25.470104487248992
2022-09-30,XRX,5Y,0.05371675,0.0538682,0.01482134,0.05,N,13.08,25.470104487248992
2022-10-03,XRX,5Y,0.05322289,0.05335508,0.01284763,0.05,N,13.58,25.470104487248992
2022-10-04,XRX,5Y,0.05205464,0.05405713,0.16861335,0.01,Y,14.66,25.470104487248992
2022-10-05,XRX,5Y,0.05196397,0.05204034,0.00787775,0.05,N,14.89,25.470104487248992
2022-10-06,XRX,5Y,0.05108082,0.05112243,0.00433788,0.05,N,14.7,25.470104487248992
2022-10-07,XRX,5Y,0.05130742,0.05314625,0.16506108,0.01,Y,14.29,25.470104487248992
2022-10-10,XRX,5Y,0.05111847,0.0511616,0.00446419,0.05,N,14.05,25.470104487248992
2022-10-11,XRX,5Y,0.05073662,0.05076508,0.00294315,0.05,N,13.59,25.470104487248992
2022-10-12,XRX,5Y,0.04860439,0.05030255,0.15523021,0.01,Y,14.31,25.470104487248992
2022-10-13,XRX,5Y,0.04796592,0.04789248,-0.00820079,0.05,N,15.02,25.470104487248992
2022-10-14,XRX,5Y,0.04796827,0.04789855,-0.00814583,0.05,N,14.76,25.470104487248992
2022-10-17,XRX,5Y,0.04729765,0.04885947,0.14970441,0.01,Y,14.73,25.470104487248992
2022-10-18,XRX,5Y,0.0465067,0.04638852,-0.01405219,0.05,N,14.94,25.470104487248992
2022-10-19,XRX,5Y,0.04700769,0.04690558,-0.01202328,0.05,N,15.28,25.470104487248992
2022-10-20,XRX,5Y,0.04627923,0.04774639,0.14569044,0.01,Y,15.24,25.470104487248992
2022-10-21,XRX,5Y,0.04549809,0.04534688,-0.01807916,0.05,N,16.06,25.470104487248992
2022-10-24,XRX,5Y,0.04419963,0.04400987,-0.02343424,0.05,N,15.91,25.470104487248992
2022-10-25,XRX,5Y,0.04896753,0.05066793,0.15489014,0.01,Y,13.675,25.470104487248992
2022-10-26,XRX,5Y,0.04930398,0.04927776,-0.00276968,0.05,N,14.48,25.470104487248992
2022-10-27,XRX,5Y,0.04942235,0.04940016,-0.00230155,0.05,N,14.67,25.470104487248992
2022-10-28,XRX,5Y,0.0486426,0.04859237,-0.00542788,0.05,N,14.4,25.470104487248992
2022-10-31,XRX,5Y,0.04842652,0.05010125,0.15315288,0.01,Y,14.63,25.470104487248992
2022-11-01,XRX,5Y,0.04763501,0.049246,0.15007672,0.01,Y,15.1,25.470104487248992
2022-11-02,XRX,5Y,0.04801327,0.04794167,-0.0079004,0.05,N,14.7,25.470104487248992
2022-11-03,XRX,5Y,0.04892404,0.04888626,-0.00425362,0.05,N,13.94,25.470104487248992
2022-11-04,XRX,5Y,0.04744868,0.04735866,-0.01012438,0.05,N,14.26,24.53557930609399
2022-11-07,XRX,5Y,0.04731357,0.04884993,0.14796247,0.01,Y,14.74,24.53557930609399
2022-11-08,XRX,5Y,0.04732183,0.04722896,-0.01060773,0.05,N,14.58,24.53557930609399
2022-11-09,XRX,5Y,0.04751072,0.04742377,-0.00986823,0.05,N,14.16,24.53557930609399
2022-11-10,XRX,5Y,0.04591366,0.04577467,-0.01630949,0.05,N,14.94,24.53557930609399
2022-11-11,XRX,5Y,0.0463277,0.04619899,-0.0147371,0.05,N,15.43,24.53557930609399
2022-11-14,XRX,5Y,0.04521946,0.04669335,0.14179429,0.01,Y,15.41,24.53557930609399
2022-11-15,XRX,5Y,0.04366667,0.04500924,0.13598209,0.01,Y,15.75,24.53557930609399
2022-11-16,XRX,5Y,0.04375881,0.0435461,-0.02526056,0.05,N,15.25,24.53557930609399
2022-11-17,XRX,5Y,0.04373777,0.04509889,0.1366049,0.01,Y,15.33,24.53557930609399
2022-11-18,XRX,5Y,0.04300226,0.04276879,-0.02831969,0.05,N,15.31,24.53557930609399
2022-11-21,XRX,5Y,0.04262503,0.0423864,-0.02975819,0.05,N,15.23,24.53557930609399
2022-11-22,XRX,5Y,0.0420872,0.04327977,0.12951901,0.01,Y,15.44,24.53557930609399
2022-11-23,XRX,5Y,0.04130046,0.0410254,-0.03527566,0.05,N,15.75,24.53557930609399
2022-11-25,XRX,5Y,0.04126749,0.04243405,0.12680576,0.01,Y,15.91,24.53557930609399
2022-11-28,XRX,5Y,0.04119389,0.04091098,-0.03569197,0.05,N,15.45,24.53557930609399
2022-11-29,XRX,5Y,0.040948,0.04065769,-0.03672284,0.05,N,15.65,24.53557930609399
2022-11-30,XRX,5Y,0.04043354,0.04012971,-0.03885016,0.05,N,16.31,24.53557930609399
2022-12-01,XRX,5Y,0.03963995,0.04074008,0.12104348,0.01,Y,16.47,24.53557930609399
2022-12-02,XRX,5Y,0.0400319,0.03971607,-0.04074544,0.05,N,16.67,24.53557930609399
2022-12-05,XRX,5Y,0.04024067,0.0413667,0.12333591,0.01,Y,16.64,24.53557930609399
2022-12-06,XRX,5Y,0.04088502,0.04059678,-0.03693408,0.05,N,15.33,24.53557930609399
2022-12-07,XRX,5Y,0.04129873,0.04101924,-0.03525386,0.05,N,15.8,24.53557930609399
2022-12-08,XRX,5Y,0.040969,0.04215834,0.12591392,0.01,Y,15.96,24.53557930609399
2022-12-09,XRX,5Y,0.04070428,0.04040461,-0.03774411,0.05,N,15.75,24.53557930609399
2022-12-12,XRX,5Y,0.04036772,0.04005888,-0.03905662,0.05,N,16.13,24.53557930609399
2022-12-13,XRX,5Y,0.03957634,0.04064988,0.1200002,0.01,Y,16.53,24.53557930609399
2022-12-14,XRX,5Y,0.03809692,0.03907273,0.11485228,0.01,Y,16.34,24.53557930609399
2022-12-15,XRX,5Y,0.03842491,0.03807419,-0.04730961,0.05,N,15.49,24.53557930609399
2022-12-16,XRX,5Y,0.0388229,0.03848415,-0.04558063,0.05,N,15.19,24.53557930609399
2022-12-19,XRX,5Y,0.0392962,0.03896886,-0.0435262,0.05,N,14.11,24.53557930609399
2022-12-20,XRX,5Y,0.04070806,0.04185276,0.12405721,0.01,Y,14.71,24.53557930609399
2022-12-21,XRX,5Y,0.04038198,0.04151017,0.12274471,0.01,Y,14.85,24.53557930609399
2022-12-22,XRX,5Y,0.04090112,0.04061075,-0.03669782,0.05,N,14.66,24.53557930609399
2022-12-23,XRX,5Y,0.04098902,0.04070133,-0.03628597,0.05,N,14.61,24.53557930609399
2022-12-27,XRX,5Y,0.04089584,0.0406105,-0.03654473,0.05,N,14.7,24.53557930609399
2022-12-28,XRX,5Y,0.04094718,0.04210398,0.12400897,0.01,Y,14.37,24.53557930609399
2022-12-29,XRX,5Y,0.04091583,0.04062895,-0.03637195,0.05,N,14.49,24.53557930609399
2022-12-30,XRX,5Y,0.04084286,0.04198708,0.12352163,0.01,Y,14.6,24.53557930609399
2023-01-03,XRX,5Y,0.04099331,0.04212945,0.12362282,0.01,Y,15.09,24.53557930609399
2023-01-04,XRX,5Y,0.04096051,0.04067886,-0.03611012,0.05,N,15.48,24.53557930609399
2023-01-05,XRX,5Y,0.04107461,0.04221832,0.12418016,0.01,Y,15.74,24.53557930609399
2023-01-06,XRX,5Y,0.04124298,0.04240213,0.12456563,0.01,Y,16.41,24.53557930609399
2023-01-09,XRX,5Y,0.04010728,0.04119848,0.12083509,0.01,Y,16.23,24.53557930609399
2023-01-10,XRX,5Y,0.04000184,0.03969634,-0.04016156,0.05,N,16.46,24.53557930609399
2023-01-11,XRX,5Y,0.03939851,0.03907965,-0.04261953,0.05,N,16.6,24.53557930609399
2023-01-12,XRX,5Y,0.03881173,0.03981625,0.11609468,0.01,Y,16.54,24.53557930609399
2023-01-13,XRX,5Y,0.03853483,0.03820033,-0.0463079,0.05,N,16.73,24.53557930609399
2023-01-17,XRX,5Y,0.03763326,0.03728344,-0.04990291,0.05,N,16.57,24.53557930609399
2023-01-18,XRX,5Y,0.03747965,0.0383893,0.11094041,0.01,Y,16.79,24.53557930609399
2023-01-19,XRX,5Y,0.03777146,0.03869878,0.11227889,0.01,Y,16.54,24.53557930609399
2023-01-20,XRX,5Y,0.03800474,0.03894702,0.11301356,0.01,Y,17.01,24.53557930609399
2023-01-23,XRX,5Y,0.03769866,0.03735062,-0.04954144,0.05,N,17.05,24.53557930609399
2023-01-24,XRX,5Y,0.03770344,0.03735754,-0.04942505,0.05,N,17.28,24.53557930609399
2023-01-25,XRX,5Y,0.03777498,0.03869689,0.11169128,0.01,Y,17.42,24.53557930609399
2023-01-26,XRX,5Y,0.03866226,0.03832823,-0.04548946,0.05,N,17.17,23.918193304674677
2023-01-27,XRX,5Y,0.03862991,0.0382933,-0.04555856,0.05,N,16.82,23.918193304674677
2023-01-30,XRX,5Y,0.0389736,0.03864589,-0.04403743,0.05,N,16.17,23.918193304674677
2023-01-31,XRX,5Y,0.03876998,0.03844022,-0.04479599,0.05,N,16.38,23.918193304674677
2023-02-01,XRX,5Y,0.03832602,0.03798689,-0.04670018,0.05,N,16.7,23.918193304674677
2023-02-02,XRX,5Y,0.03733159,0.03697402,-0.05091846,0.05,N,16.89,23.918193304674677
2023-02-03,XRX,5Y,0.03712719,0.03802029,0.10902726,0.01,Y,16.96,23.918193304674677
2023-02-06,XRX,5Y,0.03703575,0.03667096,-0.05183099,0.05,N,16.74,23.918193304674677
2023-02-07,XRX,5Y,0.03724319,0.03688571,-0.05075905,0.05,N,16.78,23.918193304674677
2023-02-08,XRX,5Y,0.03750916,0.03715647,-0.04965247,0.05,N,16.7,23.918193304674677
2023-02-09,XRX,5Y,0.03772638,0.03737867,-0.04875362,0.05,N,16.44,23.918193304674677
2023-02-10,XRX,5Y,0.0382079,0.03786849,-0.04669328,0.05,N,16.66,23.918193304674677
2023-02-13,XRX,5Y,0.03823692,0.03918965,0.11149466,0.01,Y,16.86,23.918193304674677
2023-02-14,XRX,5Y,0.03833547,0.03929521,0.11180677,0.01,Y,16.8,23.918193304674677
2023-02-15,XRX,5Y,0.0383214,0.03927818,0.11141496,0.01,Y,17.11,23.918193304674677
2023-02-16,XRX,5Y,0.03814772,0.03780949,-0.0466063,0.05,N,16.71,23.918193304674677
2023-02-17,XRX,5Y,0.0383968,0.03806439,-0.04555377,0.05,N,16.77,23.918193304674677
2023-02-21,XRX,5Y,0.03870047,0.03967339,0.11243554,0.01,Y,16.23,23.918193304674677
2023-02-22,XRX,5Y,0.03851663,0.03818878,-0.04486934,0.05,N,16.25,23.918193304674677
2023-02-23,XRX,5Y,0.03853516,0.03820828,-0.04477501,0.05,N,16.61,23.918193304674677
2023-02-24,XRX,5Y,0.03848682,0.03943956,0.11131046,0.01,Y,16.28,24.393219058926665
2023-02-27,XRX,5Y,0.03808295,0.03900947,0.10938898,0.01,Y,16.33,24.393219058926665
2023-02-28,XRX,5Y,0.03767117,0.03857688,0.10795704,0.01,Y,16.49,24.393219058926665
2023-03-01,XRX,5Y,0.03735111,0.03823489,0.10676567,0.01,Y,16.58,24.393219058926665
2023-03-02,XRX,5Y,0.03730414,0.03695546,-0.04943911,0.05,N,16.59,24.393219058926665
2023-03-03,XRX,5Y,0.03617241,0.03580363,-0.05398041,0.05,N,16.83,24.393219058926665
2023-03-06,XRX,5Y,0.03573212,0.03535674,-0.05574165,0.05,N,16.71,24.393219058926665
2023-03-07,XRX,5Y,0.03517613,0.03479264,-0.05797346,0.05,N,16.45,24.393219058926665
2023-03-08,XRX,5Y,0.03557809,0.03520221,-0.05619833,0.05,N,16.4,24.393219058926665
2023-03-09,XRX,5Y,0.03592374,0.03671902,0.10080359,0.01,Y,16.1,24.393219058926665
2023-03-10,XRX,5Y,0.03623918,0.0370555,0.10225354,0.01,Y,15.58,24.393219058926665
2023-03-13,XRX,5Y,0.03817716,0.03910533,0.10975544,0.01,Y,14.96,24.393219058926665
2023-03-14,XRX,5Y,0.03827111,0.03920918,0.11014848,0.01,Y,15.14,24.393219058926665
2023-03-15,XRX,5Y,0.03953821,0.03923202,-0.04077469,0.05,N,15.0,24.393219058926665
2023-03-16,XRX,5Y,0.03977125,0.04080234,0.11660024,0.01,Y,15.2,24.393219058926665
2023-03-17,XRX,5Y,0.03956044,0.04057367,0.11530512,0.01,Y,14.62,24.393219058926665
2023-03-20,XRX,5Y,0.04146644,0.04114547,-0.03614744,0.05,N,14.85,24.393219058926665
2023-03-21,XRX,5Y,0.04079977,0.04046307,-0.03894459,0.05,N,15.3,24.393219058926665
2023-03-22,XRX,5Y,0.04045726,0.04177155,0.12842924,0.01,Y,14.85,24.393219058926665
2023-03-23,XRX,5Y,0.04085451,0.0422113,0.13062365,0.01,Y,14.56,24.393219058926665
2023-03-24,XRX,5Y,0.04148632,0.04289639,0.13336768,0.01,Y,14.63,24.393219058926665
2023-03-27,XRX,5Y,0.04128817,0.04267926,0.13252573,0.01,Y,15.01,24.393219058926665
2023-03-28,XRX,5Y,0.04162229,0.04130824,-0.03525976,0.05,N,14.65,24.393219058926665
2023-03-29,XRX,5Y,0.04129785,0.04268801,0.13171044,0.01,Y,14.89,24.393219058926665
2023-03-30,XRX,5Y,0.04103279,0.04239665,0.1305019,0.01,Y,14.84,24.393219058926665
2023-03-31,XRX,5Y,0.04051501,0.04183714,0.12847322,0.01,Y,15.4,24.393219058926665
2023-04-03,XRX,5Y,0.04003771,0.04131966,0.12668641,0.01,Y,15.09,24.393219058926665
2023-04-04,XRX,5Y,0.04026514,0.03991482,-0.04106803,0.05,N,14.64,24.393219058926665
2023-04-05,XRX,5Y,0.04141972,0.0411031,-0.03616529,0.05,N,14.38,24.393219058926665
2023-04-06,XRX,5Y,0.04190775,0.04160494,-0.03406622,0.05,N,14.39,24.393219058926665
2023-04-10,XRX,5Y,0.04262298,0.04234389,-0.03080162,0.05,N,14.75,24.393219058926665
2023-04-11,XRX,5Y,0.04287929,0.04260679,-0.02967797,0.05,N,14.87,24.393219058926665
2023-04-12,XRX,5Y,0.04309825,0.04461336,0.13777238,0.01,Y,14.57,24.393219058926665
2023-04-13,XRX,5Y,0.04304421,0.0427773,-0.02899086,0.05,N,14.645,24.393219058926665
2023-04-14,XRX,5Y,0.04303363,0.04454272,0.13759469,0.01,Y,14.51,24.393219058926665
2023-04-17,XRX,5Y,0.04285627,0.04258493,-0.02964963,0.05,N,14.75,24.393219058926665
2023-04-18,XRX,5Y,0.04224815,0.04195912,-0.03214251,0.05,N,14.73,24.393219058926665
2023-04-19,XRX,5Y,0.0420048,0.04170939,-0.03316618,0.05,N,14.26,24.393219058926665
2023-04-20,XRX,5Y,0.04234705,0.04206223,-0.03166578,0.05,N,13.94,24.393219058926665
2023-04-21,XRX,5Y,0.04302564,0.04276144,-0.02885644,0.05,N,13.76,24.393219058926665
2023-04-24,XRX,5Y,0.04325303,0.04299685,-0.02783175,0.05,N,13.59,24.393219058926665
2023-04-25,XRX,5Y,0.04230341,0.04201558,-0.03188525,0.05,N,15.45,20.89093923477326
2023-04-26,XRX,5Y,0.04154683,0.04123504,-0.03528148,0.05,N,15.38,20.89093923477326
2023-04-27,XRX,5Y,0.04065181,0.04031382,-0.03905267,0.05,N,15.68,20.89093923477326
2023-04-28,XRX,5Y,0.03975773,0.04100578,0.12424353,0.01,Y,15.67,20.89093923477326
2023-05-01,XRX,5Y,0.03927112,0.04048191,0.12243802,0.01,Y,15.39,20.89093923477326
2023-05-02,XRX,5Y,0.039219,0.03884447,-0.04493894,0.05,N,15.21,20.89093923477326
2023-05-03,XRX,5Y,0.03897763,0.04016736,0.12140924,0.01,Y,14.76,21.27951557262224
2023-05-04,XRX,5Y,0.03928665,0.03891174,-0.04494776,0.05,N,13.84,21.27951557262224
2023-05-05,XRX,5Y,0.03925712,0.0404862,0.12293502,0.01,Y,14.16,21.27951557262224
2023-05-08,XRX,5Y,0.0394074,0.03903556,-0.04428242,0.05,N,14.73,21.27951557262224
2023-05-09,XRX,5Y,0.03949473,0.03912869,-0.04379302,0.05,N,14.78,21.27951557262224
2023-05-10,XRX,5Y,0.03946901,0.03910336,-0.04388032,0.05,N,14.3,21.27951557262224
2023-05-11,XRX,5Y,0.039649,0.03928806,-0.04322284,0.05,N,14.04,21.27951557262224
2023-05-12,XRX,5Y,0.03989156,0.04114478,0.12474076,0.01,Y,14.15,21.27951557262224
2023-05-15,XRX,5Y,0.03997061,0.04122586,0.12460264,0.01,Y,14.42,21.27951557262224
2023-05-16,XRX,5Y,0.04165931,0.04135634,-0.03445427,0.05,N,14.1,21.27951557262224
2023-05-17,XRX,5Y,0.04146872,0.04281952,0.12989895,0.01,Y,14.58,21.27951557262224
2023-05-18,XRX,5Y,0.04145772,0.04115424,-0.03516966,0.05,N,14.62,21.27951557262224
2023-05-19,XRX,5Y,0.04111169,0.04240291,0.12778658,0.01,Y,14.54,21.27951557262224
2023-05-22,XRX,5Y,0.04091375,0.04059365,-0.03726546,0.05,N,14.66,21.27951557262224
2023-05-23,XRX,5Y,0.04035563,0.04001981,-0.03959093,0.05,N,14.73,21.27951557262224
2023-05-24,XRX,5Y,0.04002904,0.03968966,-0.04095102,0.05,N,14.31,21.27951557262224
2023-05-25,XRX,5Y,0.04056973,0.04024183,-0.03860681,0.05,N,13.93,21.27951557262224
2023-05-26,XRX,5Y,0.04029767,0.03996261,-0.03960927,0.05,N,14.45,21.27951557262224
2023-05-30,XRX,5Y,0.03969815,0.03935121,-0.04202268,0.05,N,14.1,21.27951557262224
2023-05-31,XRX,5Y,0.03965121,0.03930327,-0.04234456,0.05,N,14.07,21.27951557262224
2023-06-01,XRX,5Y,0.03918575,0.03882653,-0.04435109,0.05,N,14.05,21.27951557262224
2023-06-02,XRX,5Y,0.0386962,0.0398092,0.1179742,0.01,Y,14.78,21.27951557262224
2023-06-05,XRX,5Y,0.03828385,0.03790491,-0.04798262,0.05,N,14.24,21.27951557262224
2023-06-06,XRX,5Y,0.03849404,0.03812311,-0.04708923,0.05,N,14.56,21.27951557262224
2023-06-07,XRX,5Y,0.03806379,0.03768352,-0.04887741,0.05,N,15.38,21.27951557262224
2023-06-08,XRX,5Y,0.03794826,0.03756994,-0.04924073,0.05,N,15.15,21.27951557262224
2023-06-09,XRX,5Y,0.03755605,0.03716501,-0.05098268,0.05,N,15.09,21.27951557262224
2023-06-12,XRX,5Y,0.03746782,0.03707621,-0.05117736,0.05,N,15.24,21.27951557262224
2023-06-13,XRX,5Y,0.03710835,0.03670978,-0.05272499,0.05,N,15.8,21.27951557262224
2023-06-14,XRX,5Y,0.03643569,0.03737063,0.10802014,0.01,Y,15.63,21.27951557262224
2023-06-15,XRX,5Y,0.03582717,0.03540973,-0.05795577,0.05,N,15.35,21.27951557262224
2023-06-16,XRX,5Y,0.03549669,0.03638471,0.10456775,0.01,Y,14.99,21.27951557262224
2023-06-20,XRX,5Y,0.03473842,0.03429597,-0.06250883,0.05,N,14.48,21.27951557262224
2023-06-21,XRX,5Y,0.03539615,0.03626182,0.10378173,0.01,Y,14.51,21.27951557262224
2023-06-22,XRX,5Y,0.03588709,0.03547665,-0.05754189,0.05,N,14.59,21.27951557262224
2023-06-23,XRX,5Y,0.03622946,0.03582558,-0.05596006,0.05,N,14.19,21.27951557262224
2023-06-26,XRX,5Y,0.03647493,0.0360736,-0.05490061,0.05,N,14.27,21.27951557262224
2023-06-27,XRX,5Y,0.03683619,0.03644393,-0.05338121,0.05,N,14.46,21.27951557262224
2023-06-28,XRX,5Y,0.03678704,0.03772643,0.10844749,0.01,Y,14.27,21.27951557262224
2023-06-29,XRX,5Y,0.03667381,0.03628102,-0.05399316,0.05,N,14.85,21.27951557262224
2023-06-30,XRX,5Y,0.03660747,0.03621541,-0.0540576,0.05,N,14.89,21.27951557262224
2023-07-03,XRX,5Y,0.03643123,0.03603313,-0.054728,0.05,N,15.04,21.27951557262224
2023-07-05,XRX,5Y,0.03626879,0.03716592,0.10574458,0.01,Y,14.75,21.27951557262224
2023-07-06,XRX,5Y,0.03610531,0.03570605,-0.05589756,0.05,N,14.65,21.27951557262224
2023-07-07,XRX,5Y,0.03605294,0.03693818,0.10458285,0.01,Y,15.1,21.27951557262224
2023-07-10,XRX,5Y,0.03586936,0.03546345,-0.05669236,0.05,N,15.46,21.27951557262224
2023-07-11,XRX,5Y,0.03527898,0.03486559,-0.05926055,0.05,N,16.07,21.27951557262224
2023-07-12,XRX,5Y,0.03428137,0.0338531,-0.06346174,0.05,N,16.07,21.27951557262224
2023-07-13,XRX,5Y,0.03306125,0.03261766,-0.06884554,0.05,N,16.09,21.27951557262224
2023-07-14,XRX,5Y,0.03312453,0.03383354,0.09422404,0.01,Y,15.62,21.27951557262224
2023-07-17,XRX,5Y,0.03305593,0.03261445,-0.06875976,0.05,N,15.72,21.27951557262224
2023-07-18,XRX,5Y,0.03233921,0.03189233,-0.07181935,0.05,N,15.9,21.27951557262224
2023-07-19,XRX,5Y,0.032141,0.03168953,-0.07266785,0.05,N,15.77,21.27951557262224
2023-07-20,XRX,5Y,0.03216009,0.03170811,-0.07257514,0.05,N,15.52,21.27951557262224
2023-07-21,XRX,5Y,0.03220263,0.03175209,-0.07220537,0.05,N,15.4,21.27951557262224
2023-07-24,XRX,5Y,0.03267399,0.0333528,0.09167728,0.01,Y,15.5,21.27951557262224
2023-07-25,XRX,5Y,0.03176782,0.03240459,0.08811467,0.01,Y,16.36,19.833870267976717
2023-07-26,XRX,5Y,0.03151801,0.03213905,0.08712229,0.01,Y,16.79,19.833870267976717
2023-07-27,XRX,5Y,0.03063923,0.03121998,0.08385078,0.01,Y,16.14,19.833870267976717
2023-07-28,XRX,5Y,0.03017799,0.0297149,-0.08037417,0.05,N,15.92,19.833870267976717
2023-07-31,XRX,5Y,0.02969227,0.03021919,0.07992141,0.01,Y,15.98,19.833870267976717
2023-08-01,XRX,5Y,0.02956393,0.0300865,0.07943778,0.01,Y,15.68,19.833870267976717
2023-08-02,XRX,5Y,0.02958939,0.03011141,0.07944266,0.01,Y,15.77,19.833870267976717
2023-08-03,XRX,5Y,0.0299873,0.03052598,0.08096345,0.01,Y,15.54,19.833870267976717
2023-08-04,XRX,5Y,0.03010759,0.02964795,-0.0804224,0.05,N,15.58,20.183954270209465
2023-08-07,XRX,5Y,0.02997138,0.02951185,-0.08109447,0.05,N,15.51,20.183954270209465
2023-08-08,XRX,5Y,0.03034934,0.02989331,-0.07943524,0.05,N,15.69,20.183954270209465
2023-08-09,XRX,5Y,0.03046319,0.03000793,-0.07900066,0.05,N,15.53,20.183954270209465
2023-08-10,XRX,5Y,0.0305609,0.03010701,-0.07849392,0.05,N,15.52,20.183954270209465
2023-08-11,XRX,5Y,0.03101504,0.03056326,-0.07641046,0.05,N,15.46,20.183954270209465
2023-08-14,XRX,5Y,0.03122959,0.03078121,-0.07525525,0.05,N,15.27,20.183954270209465
2023-08-15,XRX,5Y,0.03144014,0.0309968,-0.07422853,0.05,N,15.13,20.183954270209465
2023-08-16,XRX,5Y,0.03161848,0.03117808,-0.073459,0.05,N,14.79,20.183954270209465
2023-08-17,XRX,5Y,0.03207652,0.03163956,-0.07142727,0.05,N,15.13,20.183954270209465
2023-08-18,XRX,5Y,0.03233793,0.03190413,-0.0703181,0.05,N,15.17,20.183954270209465
2023-08-21,XRX,5Y,0.03238731,0.03195615,-0.07002398,0.05,N,15.42,20.183954270209465
2023-08-22,XRX,5Y,0.03262937,0.03220152,-0.06886719,0.05,N,15.41,20.183954270209465
2023-08-23,XRX,5Y,0.03312421,0.03379796,0.09146779,0.01,Y,15.54,20.183954270209465
2023-08-24,XRX,5Y,0.03293485,0.03250947,-0.06766946,0.05,N,15.48,20.183954270209465
2023-08-25,XRX,5Y,0.03301935,0.03259786,-0.06721094,0.05,N,15.54,20.183954270209465
2023-08-28,XRX,5Y,0.03244244,0.03201508,-0.06944596,0.05,N,15.91,20.183954270209465
2023-08-29,XRX,5Y,0.03173851,0.03130247,-0.0724081,0.05,N,16.0,20.183954270209465
2023-08-30,XRX,5Y,0.0312743,0.03083325,-0.07453993,0.05,N,15.86,20.183954270209465
2023-08-31,XRX,5Y,0.03138324,0.0319701,0.08503433,0.01,Y,15.89,20.183954270209465
2023-09-01,XRX,5Y,0.03132422,0.03190767,0.08484761,0.01,Y,16.48,20.183954270209465
2023-09-05,XRX,5Y,0.03104769,0.03161386,0.08355719,0.01,Y,16.94,20.183954270209465
2023-09-06,XRX,5Y,0.03079839,0.03036085,-0.07615057,0.05,N,16.96,20.183954270209465
2023-09-07,XRX,5Y,0.03071828,0.03028275,-0.07632099,0.05,N,16.68,20.183954270209465
2023-09-08,XRX,5Y,0.03047602,0.03101066,0.08118159,0.01,Y,16.73,20.183954270209465
2023-09-11,XRX,5Y,0.03009797,0.03061412,0.07959207,0.01,Y,16.83,20.183954270209465
2023-09-12,XRX,5Y,0.0298512,0.0303582,0.07863393,0.01,Y,16.22,20.183954270209465
2023-09-13,XRX,5Y,0.02973759,0.02929691,-0.08024121,0.05,N,15.63,20.183954270209465
2023-09-14,XRX,5Y,0.0297185,0.03022205,0.07810941,0.01,Y,16.06,20.183954270209465
2023-09-15,XRX,5Y,0.02956507,0.0300751,0.07749913,0.01,Y,16.06,20.183954270209465
2023-09-18,XRX,5Y,0.0295393,0.02908303,-0.08086246,0.05,N,15.78,20.183954270209465
2023-09-19,XRX,5Y,0.02986229,0.02940459,-0.0794635,0.05,N,16.08,20.183954270209465
2023-09-20,XRX,5Y,0.03142449,0.03089334,-0.07925525,0.05,N,16.22,20.183954270209465
2023-09-21,XRX,5Y,0.03219727,0.03166654,-0.07570726,0.05,N,16.34,20.183954270209465
2023-09-22,XRX,5Y,0.03230608,0.03177144,-0.07515433,0.05,N,16.09,20.183954270209465
2023-09-25,XRX,5Y,0.03241202,0.03187763,-0.07466197,0.05,N,15.89,20.183954270209465
2023-09-26,XRX,5Y,0.03271316,0.03353821,0.09620893,0.01,Y,15.88,20.183954270209465
2023-09-27,XRX,5Y,0.03282903,0.03366567,0.09667467,0.01,Y,15.84,20.183954270209465
2023-09-28,XRX,5Y,0.03593663,0.03695998,0.10849615,0.01,Y,16.01,20.183954270209465
2023-09-29,XRX,5Y,0.03588604,0.0369122,0.10845238,0.01,Y,15.69,20.183954270209465
2023-10-02,XRX,5Y,0.0374956,0.03706049,-0.05205545,0.05,N,15.51,20.183954270209465
2023-10-03,XRX,5Y,0.0389319,0.03853323,-0.04575035,0.05,N,15.23,20.183954270209465
2023-10-04,XRX,5Y,0.03950743,0.04078332,0.12155365,0.01,Y,15.43,20.183954270209465
2023-10-05,XRX,5Y,0.04005019,0.04138183,0.12381693,0.01,Y,15.32,20.183954270209465
2023-10-06,XRX,5Y,0.04136048,0.04276492,0.12864788,0.01,Y,15.08,20.183954270209465
2023-10-09,XRX,5Y,0.04032402,0.03996089,-0.03973522,0.05,N,15.13,20.183954270209465
2023-10-10,XRX,5Y,0.04077397,0.0421369,0.12606303,0.01,Y,14.99,20.183954270209465
2023-10-11,XRX,5Y,0.04047698,0.04180954,0.1253494,0.01,Y,15.0,20.183954270209465
2023-10-12,XRX,5Y,0.04049337,0.04013975,-0.03908769,0.05,N,14.47,20.183954270209465
2023-10-13,XRX,5Y,0.04064691,0.04030007,-0.03833102,0.05,N,14.31,20.183954270209465
2023-10-16,XRX,5Y,0.04033585,0.03998035,-0.03962409,0.05,N,14.42,20.183954270209465
2023-10-17,XRX,5Y,0.04021958,0.03986226,-0.04004016,0.05,N,14.58,20.183954270209465
2023-10-18,XRX,5Y,0.04066712,0.04032381,-0.03802467,0.05,N,14.33,20.183954270209465
2023-10-19,XRX,5Y,0.04118264,0.04085701,-0.03580944,0.05,N,14.02,20.183954270209465
2023-10-20,XRX,5Y,0.04146366,0.04114825,-0.03462871,0.05,N,13.74,20.183954270209465
2023-10-23,XRX,5Y,0.04154997,0.04123508,-0.03430598,0.05,N,13.48,20.183954270209465
2023-10-24,XRX,5Y,0.04333979,0.04309198,-0.02685661,0.05,N,12.56,29.36390488162537
2023-10-25,XRX,5Y,0.04496133,0.04658238,0.14022852,0.01,Y,12.095,29.36390488162537
2023-10-26,XRX,5Y,0.04666849,0.04653342,-0.01326391,0.05,N,12.24,29.36390488162537
2023-10-27,XRX,5Y,0.04972537,0.04971354,-0.00108456,0.05,N,12.19,29.36390488162537
2023-10-30,XRX,5Y,0.05057563,0.05060012,0.00226372,0.05,N,12.27,29.36390488162537
2023-10-31,XRX,5Y,0.04867026,0.04861385,-0.00526231,0.05,N,12.84,29.73817423760677
2023-11-01,XRX,5Y,0.04749886,0.04739558,-0.00992745,0.05,N,13.08,29.73817423760677
2023-11-02,XRX,5Y,0.04492715,0.04654955,0.14011951,0.01,Y,13.49,29.73817423760677
2023-11-03,XRX,5Y,0.04337933,0.04494411,0.13475981,0.01,Y,13.99,29.73817423760677
2023-11-06,XRX,5Y,0.04341346,0.04499383,0.13518637,0.01,Y,13.7,29.73817423760677
2023-11-07,XRX,5Y,0.04316025,0.04289013,-0.02762815,0.05,N,13.48,29.73817423760677
2023-11-08,XRX,5Y,0.04279702,0.04251367,-0.02916789,0.05,N,13.3,29.73817423760677
2023-11-09,XRX,5Y,0.04301586,0.04274102,-0.02823963,0.05,N,13.09,29.73817423760677
2023-11-10,XRX,5Y,0.04290103,0.04442454,0.13265975,0.01,Y,13.36,29.73817423760677
2023-11-13,XRX,5Y,0.04261055,0.04232648,-0.0297645,0.05,N,13.23,29.73817423760677
2023-11-14,XRX,5Y,0.04115761,0.04082833,-0.03577665,0.05,N,13.77,29.73817423760677
2023-11-15,XRX,5Y,0.0434191,0.04497217,0.13489378,0.01,Y,13.77,29.73817423760677
2023-11-16,XRX,5Y,0.04366123,0.04341229,-0.02549275,0.05,N,13.58,29.73817423760677
2023-11-17,XRX,5Y,0.04363867,0.04521208,0.13553943,0.01,Y,13.77,29.73817423760677
2023-11-20,XRX,5Y,0.04330159,0.0448392,0.13401968,0.01,Y,13.62,29.73817423760677
2023-11-21,XRX,5Y,0.04311899,0.04285253,-0.02769877,0.05,N,13.56,29.73817423760677
2023-11-22,XRX,5Y,0.04273868,0.04422991,0.13200195,0.01,Y,13.63,29.73817423760677
2023-11-24,XRX,5Y,0.04249244,0.04220544,-0.03025889,0.05,N,13.83,29.73817423760677
2023-11-27,XRX,5Y,0.04249522,0.04220937,-0.03016927,0.05,N,13.71,29.73817423760677
2023-11-28,XRX,5Y,0.04247892,0.04393846,0.13069953,0.01,Y,13.73,29.73817423760677
2023-11-29,XRX,5Y,0.04209605,0.04179846,-0.03191601,0.05,N,14.04,29.73817423760677
2023-11-30,XRX,5Y,0.04195249,0.04337814,0.12929978,0.01,Y,13.99,29.73817423760677
2023-12-01,XRX,5Y,0.04173055,0.04312788,0.128238,0.01,Y,14.17,29.73817423760677
2023-12-04,XRX,5Y,0.04178639,0.04318236,0.12866007,0.01,Y,14.01,29.73817423760677
2023-12-05,XRX,5Y,0.0417431,0.04143634,-0.03337186,0.05,N,14.07,29.73817423760677
2023-12-06,XRX,5Y,0.04162916,0.04131919,-0.03388737,0.05,N,14.09,29.73817423760677
2023-12-07,XRX,5Y,0.04147546,0.04284841,0.12742436,0.01,Y,14.61,29.73817423760677
2023-12-08,XRX,5Y,0.04088855,0.04055974,-0.03693441,0.05,N,15.04,29.73817423760677
2023-12-11,XRX,5Y,0.0407078,0.0403747,-0.03752512,0.05,N,15.17,29.73817423760677
2023-12-12,XRX,5Y,0.04033877,0.04161564,0.12260321,0.01,Y,15.71,29.73817423760677
2023-12-13,XRX,5Y,0.03725868,0.03831834,0.11124308,0.01,Y,16.71,29.73817423760677
2023-12-14,XRX,5Y,0.03408099,0.03360263,-0.06593402,0.05,N,17.58,29.73817423760677
2023-12-15,XRX,5Y,0.03359186,0.03310118,-0.06817154,0.05,N,18.29,29.73817423760677
2023-12-18,XRX,5Y,0.03311591,0.03262167,-0.07006271,0.05,N,18.04,29.73817423760677
2023-12-19,XRX,5Y,0.0321301,0.03162496,-0.07431045,0.05,N,18.47,29.73817423760677
2023-12-20,XRX,5Y,0.0318202,0.03130891,-0.0757072,0.05,N,18.29,29.73817423760677
2023-12-21,XRX,5Y,0.03171677,0.03243274,0.09058276,0.01,Y,18.77,29.73817423760677
2023-12-22,XRX,5Y,0.03121211,0.0318988,0.08860252,0.01,Y,18.7,29.73817423760677
2023-12-26,XRX,5Y,0.03115803,0.03064186,-0.07858043,0.05,N,18.81,29.73817423760677
2023-12-27,XRX,5Y,0.03115376,0.03063631,-0.07855137,0.05,N,18.94,29.73817423760677
2023-12-28,XRX,5Y,0.03110412,0.03058613,-0.07887343,0.05,N,18.58,29.73817423760677
2023-12-29,XRX,5Y,0.03116612,0.03064881,-0.07850719,0.05,N,18.33,29.73817423760677
2024-01-02,XRX,5Y,0.0319576,0.03145252,-0.07488825,0.05,N,18.03,29.73817423760677
2024-01-03,XRX,5Y,0.03516298,0.03470844,-0.06085531,0.05,N,15.84,29.73817423760677
2024-01-04,XRX,5Y,0.03564497,0.03520039,-0.05875608,0.05,N,16.57,29.73817423760677
2024-01-05,XRX,5Y,0.03578593,0.03674422,0.10532011,0.01,Y,16.32,29.73817423760677
2024-01-08,XRX,5Y,0.03500757,0.03453832,-0.06128041,0.05,N,16.59,29.73817423760677
2024-01-09,XRX,5Y,0.03495119,0.03447955,-0.06151943,0.05,N,16.25,29.73817423760677
2024-01-10,XRX,5Y,0.03510805,0.0346418,-0.06083683,0.05,N,16.23,29.73817423760677
2024-01-11,XRX,5Y,0.03630628,0.03586343,-0.05570581,0.05,N,16.07,29.73817423760677
2024-01-12,XRX,5Y,0.03666286,0.0362276,-0.05429658,0.05,N,16.06,29.73817423760677
2024-01-16,XRX,5Y,0.03699115,0.03803693,0.10973875,0.01,Y,16.1,29.73817423760677
2024-01-17,XRX,5Y,0.03823933,0.03784009,-0.0475282,0.05,N,15.62,29.73817423760677
2024-01-18,XRX,5Y,0.03838495,0.03952339,0.11432755,0.01,Y,15.84,29.73817423760677
2024-01-19,XRX,5Y,0.03822066,0.03934716,0.11364284,0.01,Y,16.09,29.73817423760677
2024-01-22,XRX,5Y,0.03797256,0.03756711,-0.04835868,0.05,N,16.63,29.73817423760677
2024-01-23,XRX,5Y,0.03762196,0.03719836,-0.04987054,0.05,N,16.64,29.73817423760677
2024-01-24,XRX,5Y,0.03736636,0.03845959,0.11029992,0.01,Y,16.44,29.73817423760677
2024-01-25,XRX,5Y,0.03346587,0.03295283,-0.06737717,0.05,N,18.15,26.611122434197636
2024-01-26,XRX,5Y,0.03279132,0.03227198,-0.07034506,0.05,N,19.05,26.611122434197636
2024-01-29,XRX,5Y,0.03254749,0.03334211,0.09201561,0.01,Y,19.61,26.611122434197636
2024-01-30,XRX,5Y,0.03214518,0.03292151,0.09058082,0.01,Y,19.05,26.611122434197636
2024-01-31,XRX,5Y,0.03226591,0.03304872,0.09095442,0.01,Y,18.46,26.611122434197636
2024-02-01,XRX,5Y,0.03222939,0.03169605,-0.07277067,0.05,N,18.54,26.611122434197636
2024-02-02,XRX,5Y,0.03207517,0.03155227,-0.07344186,0.05,N,18.25,26.611122434197636
2024-02-05,XRX,5Y,0.03263339,0.03342864,0.09206184,0.01,Y,17.79,26.611122434197636
2024-02-06,XRX,5Y,0.0324594,0.03323968,0.09111755,0.01,Y,18.48,26.611122434197636
2024-02-07,XRX,5Y,0.03224864,0.0330233,0.090496,0.01,Y,17.98,26.611122434197636
2024-02-08,XRX,5Y,0.03224491,0.03171636,-0.07213272,0.05,N,18.48,26.611122434197636
2024-02-09,XRX,5Y,0.03189668,0.03135095,-0.0735781,0.05,N,18.48,26.611122434197636
2024-02-12,XRX,5Y,0.0306547,0.03136544,0.08411672,0.01,Y,18.75,26.611122434197636
2024-02-13,XRX,5Y,0.03123073,0.03198278,0.08632221,0.01,Y,18.0,26.611122434197636
2024-02-14,XRX,5Y,0.03098924,0.03172807,0.08501718,0.01,Y,18.27,26.611122434197636
2024-02-15,XRX,5Y,0.03067166,0.03009104,-0.07845188,0.05,N,18.9,26.611122434197636
2024-02-16,XRX,5Y,0.03039689,0.02981145,-0.07964174,0.05,N,18.59,26.611122434197636
2024-02-20,XRX,5Y,0.03031884,0.02973563,-0.07969777,0.05,N,18.81,26.611122434197636
2024-02-21,XRX,5Y,0.03025382,0.02967097,-0.08001323,0.05,N,18.61,26.611122434197636
2024-02-22,XRX,5Y,0.02900561,0.02840214,-0.08528198,0.05,N,18.72,26.611122434197636
2024-02-23,XRX,5Y,0.0286195,0.02801244,-0.08685477,0.05,N,18.48,26.94406637946075
2024-02-26,XRX,5Y,0.02921479,0.02862635,-0.08414956,0.05,N,18.82,26.94406637946075
2024-02-27,XRX,5Y,0.02919804,0.02861432,-0.08412746,0.05,N,18.8,26.94406637946075
2024-02-28,XRX,5Y,0.02921596,0.02862712,-0.08403052,0.05,N,18.76,26.94406637946075
2024-02-29,XRX,5Y,0.02917391,0.02858907,-0.08423705,0.05,N,18.65,26.94406637946075
2024-03-01,XRX,5Y,0.02890403,0.02952243,0.07651942,0.01,Y,19.29,26.94406637946075
2024-03-04,XRX,5Y,0.02917879,0.02979991,0.07752895,0.01,Y,19.06,26.94406637946075
2024-03-05,XRX,5Y,0.02938155,0.02880902,-0.08316321,0.05,N,18.79,26.94406637946075
2024-03-06,XRX,5Y,0.03044333,0.03114418,0.08236448,0.01,Y,16.67,26.94406637946075
2024-03-07,XRX,5Y,0.03094113,0.03170258,0.08432256,0.01,Y,16.76,26.94406637946075
2024-03-08,XRX,5Y,0.03066573,0.03006297,-0.07797285,0.05,N,16.7,26.94406637946075
2024-03-11,XRX,5Y,0.03049532,0.02988189,-0.07865627,0.05,N,16.87,26.94406637946075
2024-03-12,XRX,5Y,0.03035206,0.03111123,0.08206159,0.01,Y,16.91,26.94406637946075
2024-03-13,XRX,5Y,0.03019372,0.02957059,-0.07975249,0.05,N,16.85,26.94406637946075
2024-03-14,XRX,5Y,0.03037266,0.0311294,0.08189732,0.01,Y,16.6,26.94406637946075
2024-03-15,XRX,5Y,0.03101871,0.03182256,0.0841731,0.01,Y,16.44,26.94406637946075
2024-03-18,XRX,5Y,0.03003728,0.02939926,-0.0799765,0.05,N,16.47,26.94406637946075
2024-03-19,XRX,5Y,0.02958642,0.028937,-0.08184751,0.05,N,16.82,26.94406637946075
2024-03-20,XRX,5Y,0.03114741,0.03214099,0.09204697,0.01,Y,17.29,26.94406637946075
2024-03-21,XRX,5Y,0.03035303,0.03127862,0.08884786,0.01,Y,17.07,26.94406637946075
2024-03-22,XRX,5Y,0.03102906,0.03201661,0.09159582,0.01,Y,17.02,26.94406637946075
2024-03-25,XRX,5Y,0.03049881,0.03144291,0.08940442,0.01,Y,17.5,26.94406637946075
2024-03-26,XRX,5Y,0.03064126,0.02987701,-0.08432926,0.05,N,17.67,26.94406637946075
2024-03-27,XRX,5Y,0.03070355,0.03167158,0.09017242,0.01,Y,17.75,26.94406637946075
2024-03-28,XRX,5Y,0.03067813,0.02992036,-0.08415952,0.05,N,17.9,26.94406637946075
2024-04-01,XRX,5Y,0.03068931,0.03165126,0.08986449,0.01,Y,17.8,26.94406637946075
2024-04-02,XRX,5Y,0.03106769,0.03031698,-0.08190935,0.05,N,17.77,26.94406637946075
2024-04-03,XRX,5Y,0.03093328,0.03018281,-0.08250675,0.05,N,17.89,26.94406637946075
2024-04-04,XRX,5Y,0.0305533,0.02979233,-0.08426124,0.05,N,17.51,26.94406637946075
2024-04-05,XRX,5Y,0.03027477,0.03119826,0.08793549,0.01,Y,17.28,26.94406637946075
2024-04-08,XRX,5Y,0.02986885,0.02910789,-0.08706843,0.05,N,17.23,26.94406637946075
2024-04-09,XRX,5Y,0.0291949,0.03003324,0.08305309,0.01,Y,17.43,26.94406637946075
2024-04-10,XRX,5Y,0.02933831,0.02856922,-0.08947912,0.05,N,16.89,26.94406637946075
2024-04-11,XRX,5Y,0.02850238,0.02772237,-0.09275557,0.05,N,17.24,26.94406637946075
2024-04-12,XRX,5Y,0.02886515,0.02809271,-0.0910496,0.05,N,16.85,26.94406637946075
2024-04-15,XRX,5Y,0.02912001,0.02995314,0.08229902,0.01,Y,16.37,26.94406637946075
2024-04-16,XRX,5Y,0.02934784,0.03019888,0.08309625,0.01,Y,16.21,26.94406637946075
2024-04-17,XRX,5Y,0.03047378,0.03141004,0.08754156,0.01,Y,16.19,26.94406637946075
2024-04-18,XRX,5Y,0.02981414,0.03069705,0.08494746,0.01,Y,16.18,26.94406637946075
2024-04-19,XRX,5Y,0.02970518,0.02894393,-0.08687464,0.05,N,16.44,26.94406637946075
2024-04-22,XRX,5Y,0.02964888,0.03050857,0.08397634,0.01,Y,16.42,26.94406637946075
2024-04-23,XRX,5Y,0.031103,0.03036891,-0.0804192,0.05,N,14.76,29.021218606605412
2024-04-24,XRX,5Y,0.03296703,0.03226592,-0.07215367,0.05,N,14.38,29.021218606605412
2024-04-25,XRX,5Y,0.03510782,0.03445401,-0.06263274,0.05,N,14.18,29.021218606605412
2024-04-26,XRX,5Y,0.03541505,0.0367486,0.10658324,0.01,Y,14.0,29.021218606605412
2024-04-29,XRX,5Y,0.03538771,0.03671683,0.10633685,0.01,Y,13.86,29.021218606605412
2024-04-30,XRX,5Y,0.03721005,0.03871602,0.11345627,0.01,Y,13.29,29.021218606605412
2024-05-01,XRX,5Y,0.03677252,0.03823208,0.11155416,0.01,Y,13.06,29.021218606605412
2024-05-02,XRX,5Y,0.03664288,0.03602936,-0.05574073,0.05,N,13.39,29.021218606605412
2024-05-03,XRX,5Y,0.03611854,0.03751424,0.10929083,0.01,Y,13.36,29.351371157350957
2024-05-06,XRX,5Y,0.03579517,0.03515131,-0.05957134,0.05,N,13.48,29.351371157350957
2024-05-07,XRX,5Y,0.03577293,0.0351337,-0.05961761,0.05,N,13.39,29.351371157350957
2024-05-08,XRX,5Y,0.03609916,0.03750155,0.10928725,0.01,Y,13.46,29.351371157350957
2024-05-09,XRX,5Y,0.03625905,0.03768055,0.10980653,0.01,Y,13.61,29.351371157350957
2024-05-10,XRX,5Y,0.03633707,0.0377692,0.11013858,0.01,Y,13.54,29.351371157350957
2024-05-13,XRX,5Y,0.03636038,0.03573639,-0.05688201,0.05,N,13.64,29.351371157350957
2024-05-14,XRX,5Y,0.0371837,0.03658871,-0.05329277,0.05,N,13.89,29.351371157350957
2024-05-15,XRX,5Y,0.03726611,0.03876932,0.11344373,0.01,Y,14.15,29.351371157350957
2024-05-16,XRX,5Y,0.03718994,0.0365956,-0.0534129,0.05,N,14.02,29.351371157350957
2024-05-17,XRX,5Y,0.03713153,0.03653857,-0.0535622,0.05,N,13.95,29.351371157350957
2024-05-20,XRX,5Y,0.03681239,0.03621147,-0.05480507,0.05,N,13.93,29.351371157350957
2024-05-21,XRX,5Y,0.03667413,0.03810808,0.11080753,0.01,Y,14.01,29.351371157350957
2024-05-22,XRX,5Y,0.03665763,0.03808874,0.11079631,0.01,Y,13.93,29.351371157350957
2024-05-23,XRX,5Y,0.03661383,0.03803305,0.11045817,0.01,Y,13.8,29.351371157350957
2024-05-24,XRX,5Y,0.03659629,0.03599418,-0.05552582,0.05,N,13.86,29.351371157350957
2024-05-28,XRX,5Y,0.03621616,0.03560594,-0.05704422,0.05,N,13.93,29.351371157350957
2024-05-29,XRX,5Y,0.03649346,0.03787706,0.10938842,0.01,Y,13.54,29.351371157350957
2024-05-30,XRX,5Y,0.03552878,0.03490016,-0.05986121,0.05,N,13.81,29.351371157350957
2024-05-31,XRX,5Y,0.03525647,0.03461834,-0.06109922,0.05,N,14.06,29.351371157350957
2024-06-03,XRX,5Y,0.03480974,0.03417397,-0.06295137,0.05,N,13.86,29.351371157350957
2024-06-04,XRX,5Y,0.03459651,0.0358179,0.10219462,0.01,Y,13.85,29.351371157350957
2024-06-05,XRX,5Y,0.03405855,0.03339813,-0.0664261,0.05,N,13.77,29.351371157350957
2024-06-06,XRX,5Y,0.03413902,0.03348032,-0.06611676,0.05,N,14.09,29.351371157350957
2024-06-07,XRX,5Y,0.03451045,0.03569289,0.10191659,0.01,Y,14.24,29.351371157350957
2024-06-10,XRX,5Y,0.03430723,0.03365389,-0.06502852,0.05,N,14.48,29.351371157350957
2024-06-11,XRX,5Y,0.03519009,0.03455473,-0.06118394,0.05,N,14.36,29.351371157350957
2024-06-12,XRX,5Y,0.03227856,0.03157617,-0.0739307,0.05,N,14.26,29.351371157350957
2024-06-13,XRX,5Y,0.03218485,0.03321395,0.09267462,0.01,Y,13.78,29.351371157350957
2024-06-17,XRX,5Y,0.03355518,0.03288605,-0.06845197,0.05,N,13.9,29.351371157350957
2024-06-18,XRX,5Y,0.03374899,0.0348977,0.09861592,0.01,Y,13.53,29.351371157350957
2024-06-20,XRX,5Y,0.03408663,0.03526042,0.09998384,0.01,Y,13.28,29.351371157350957
2024-06-21,XRX,5Y,0.03445852,0.03381034,-0.06437434,0.05,N,13.32,29.351371157350957
2024-06-24,XRX,5Y,0.03463977,0.03399331,-0.06351441,0.05,N,13.07,29.351371157350957
2024-06-25,XRX,5Y,0.03569744,0.03701544,0.10594824,0.01,Y,12.53,29.351371157350957
2024-06-26,XRX,5Y,0.03618867,0.03558298,-0.05683293,0.05,N,12.59,29.351371157350957
2024-06-27,XRX,5Y,0.03627307,0.03567335,-0.05634867,0.05,N,12.3,29.351371157350957
2024-06-28,XRX,5Y,0.03703439,0.03645179,-0.05314163,0.05,N,11.62,29.351371157350957
2024-07-01,XRX,5Y,0.03769243,0.03918022,0.11299303,0.01,Y,11.55,29.351371157350957
2024-07-02,XRX,5Y,0.03813959,0.03759463,-0.04825811,0.05,N,11.73,29.351371157350957
2024-07-03,XRX,5Y,0.03836202,0.03782706,-0.0473422,0.05,N,11.61,29.351371157350957
2024-07-05,XRX,5Y,0.03827104,0.03773884,-0.04771708,0.05,N,11.31,29.351371157350957
2024-07-08,XRX,5Y,0.0380582,0.03751579,-0.04866,0.05,N,11.1,29.351371157350957
2024-07-09,XRX,5Y,0.03893057,0.04052278,0.11753227,0.01,Y,10.75,29.351371157350957
2024-07-10,XRX,5Y,0.0431719,0.04518178,0.13310089,0.01,Y,10.51,29.351371157350957
2024-07-11,XRX,5Y,0.04767334,0.05012528,0.14896466,0.01,Y,10.83,29.351371157350957
2024-07-12,XRX,5Y,0.04613652,0.04593178,-0.01537732,0.05,N,10.69,29.351371157350957
2024-07-15,XRX,5Y,0.04321108,0.04287474,-0.02722751,0.05,N,11.14,29.351371157350957
2024-07-16,XRX,5Y,0.04182438,0.04361898,0.12804649,0.01,Y,11.89,29.351371157350957
2024-07-17,XRX,5Y,0.04160425,0.04120388,-0.03382523,0.05,N,12.04,29.351371157350957
2024-07-18,XRX,5Y,0.04145934,0.04323066,0.12674301,0.01,Y,11.94,29.351371157350957
2024-07-19,XRX,5Y,0.04145934,0.04105541,-0.03435736,0.05,N,11.88,29.351371157350957
2024-07-22,XRX,5Y,0.04114141,0.04072874,-0.0355698,0.05,N,11.88,29.351371157350957
2024-07-23,XRX,5Y,0.04093751,0.04051666,-0.03639187,0.05,N,11.68,29.351371157350957
2024-07-24,XRX,5Y,0.04299937,0.0426584,-0.02795171,0.05,N,11.78,29.351371157350957
2024-07-25,XRX,5Y,0.04454949,0.04663062,0.13739909,0.01,Y,10.82,26.568746565791912
2024-07-26,XRX,5Y,0.04457211,0.0442947,-0.02158324,0.05,N,11.03,26.568746565791912
2024-07-29,XRX,5Y,0.04469388,0.04442163,-0.02108572,0.05,N,11.31,26.568746565791912
2024-07-30,XRX,5Y,0.04517932,0.04492768,-0.0191299,0.05,N,11.08,26.568746565791912
2024-07-31,XRX,5Y,0.04510089,0.04726016,0.13938101,0.01,Y,10.765,26.568746565791912
2024-08-01,XRX,5Y,0.04648288,0.04629469,-0.01393303,0.05,N,10.38,26.568746565791912
2024-08-02,XRX,5Y,0.04999874,0.04999867,-4.95e-06,0.05,N,10.14,26.882455639468365
2024-08-05,XRX,5Y,0.05310222,0.05329323,0.0121405,0.05,N,9.71,26.882455639468365
2024-08-06,XRX,5Y,0.0523527,0.05249721,0.00922842,0.05,N,9.88,26.882455639468365
2024-08-07,XRX,5Y,0.05156486,0.05165945,0.0061388,0.05,N,9.66,26.882455639468365
2024-08-08,XRX,5Y,0.05111342,0.05118018,0.00436845,0.05,N,10.01,26.882455639468365
2024-08-09,XRX,5Y,0.05079404,0.05363183,0.15983433,0.01,Y,9.96,26.882455639468365
2024-08-12,XRX,5Y,0.05087773,0.0537061,0.15985616,0.01,Y,9.71,26.882455639468365
2024-08-13,XRX,5Y,0.05074404,0.05078709,0.00291158,0.05,N,10.19,26.882455639468365
2024-08-14,XRX,5Y,0.04992046,0.04991586,-0.00031274,0.05,N,9.93,26.882455639468365
2024-08-15,XRX,5Y,0.0490231,0.05162802,0.15360086,0.01,Y,10.08,26.882455639468365
2024-08-16,XRX,5Y,0.04860326,0.04852551,-0.0054862,0.05,N,10.25,26.882455639468365
2024-08-19,XRX,5Y,0.04792332,0.04780971,-0.00816534,0.05,N,10.34,26.882455639468365
2024-08-20,XRX,5Y,0.04734397,0.0472041,-0.01044024,0.05,N,10.29,26.882455639468365
2024-08-21,XRX,5Y,0.04699711,0.04926824,0.14572324,0.01,Y,10.45,26.882455639468365
2024-08-22,XRX,5Y,0.04680135,0.04663533,-0.01261724,0.05,N,10.45,26.882455639468365
2024-08-23,XRX,5Y,0.04639897,0.04621524,-0.01418544,0.05,N,10.79,26.882455639468365
2024-08-26,XRX,5Y,0.04493596,0.04468173,-0.02005756,0.05,N,10.99,26.882455639468365
2024-08-27,XRX,5Y,0.0439455,0.04589138,0.13464342,0.01,Y,11.01,26.882455639468365
2024-08-28,XRX,5Y,0.0438324,0.043534,-0.02447885,0.05,N,10.94,26.882455639468365
2024-08-29,XRX,5Y,0.04248786,0.0421368,-0.02990365,0.05,N,11.23,26.882455639468365
2024-08-30,XRX,5Y,0.04169889,0.04131878,-0.03309306,0.05,N,11.33,26.882455639468365
2024-09-03,XRX,5Y,0.04163167,0.04333611,0.1258146,0.01,Y,10.95,26.882455639468365
2024-09-04,XRX,5Y,0.04252705,0.04429436,0.12909961,0.01,Y,10.87,26.882455639468365
2024-09-05,XRX,5Y,0.04283942,0.0425044,-0.02845358,0.05,N,10.17,26.882455639468365
2024-09-06,XRX,5Y,0.04410166,0.04382276,-0.02333294,0.05,N,10.23,26.882455639468365
2024-09-09,XRX,5Y,0.04432919,0.04405894,-0.02242138,0.05,N,10.24,26.882455639468365
2024-09-10,XRX,5Y,0.04539484,0.04516897,-0.0181496,0.05,N,10.0,26.882455639468365
2024-09-11,XRX,5Y,0.04609712,0.04590287,-0.01537177,0.05,N,9.98,26.882455639468365
2024-09-12,XRX,5Y,0.0469906,0.04920366,0.14511494,0.01,Y,10.1,26.882455639468365
2024-09-13,XRX,5Y,0.04647994,0.04630307,-0.0138213,0.05,N,10.43,26.882455639468365
2024-09-16,XRX,5Y,0.0461841,0.04599471,-0.01498527,0.05,N,10.58,26.882455639468365
2024-09-17,XRX,5Y,0.04579684,0.04558887,-0.01653036,0.05,N,10.38,26.882455639468365
2024-09-18,XRX,5Y,0.0460539,0.04814883,0.14148239,0.01,Y,10.56,26.882455639468365
2024-09-19,XRX,5Y,0.045738,0.04553114,-0.01670714,0.05,N,10.81,26.882455639468365
2024-09-20,XRX,5Y,0.04826215,0.04815227,-0.00737665,0.05,N,10.44,26.882455639468365
2024-09-23,XRX,5Y,0.04924116,0.04919263,-0.0032051,0.05,N,10.17,26.882455639468365
2024-09-24,XRX,5Y,0.05023819,0.0502536,0.00100212,0.05,N,10.24,26.882455639468365
2024-09-25,XRX,5Y,0.05174511,0.05186111,0.00731425,0.05,N,10.06,26.882455639468365
2024-09-26,XRX,5Y,0.05263121,0.05619124,0.17819396,0.01,Y,10.42,26.882455639468365
2024-09-27,XRX,5Y,0.0523087,0.05246763,0.00964756,0.05,N,10.58,26.882455639468365
2024-09-30,XRX,5Y,0.05308067,0.05329618,0.01284386,0.05,N,10.38,26.882455639468365
2024-10-01,XRX,5Y,0.05321702,0.05683831,0.1796578,0.01,Y,10.15,26.882455639468365
2024-10-02,XRX,5Y,0.05281104,0.05300441,0.01170878,0.05,N,10.32,26.882455639468365
2024-10-03,XRX,5Y,0.05276789,0.05295514,0.01150489,0.05,N,10.3,26.882455639468365
2024-10-07,XRX,5Y,0.05198013,0.05531832,0.17342246,0.01,Y,10.38,26.882455639468365
2024-10-08,XRX,5Y,0.0516632,0.05177194,0.00686326,0.05,N,10.19,26.882455639468365
2024-10-09,XRX,5Y,0.05125206,0.05133297,0.00517246,0.05,N,10.14,26.882455639468365
2024-10-10,XRX,5Y,0.0507791,0.05390357,0.16835866,0.01,Y,10.12,26.882455639468365
2024-10-11,XRX,5Y,0.05097142,0.05409414,0.169075,0.01,Y,10.26,26.882455639468365
2024-10-14,XRX,5Y,0.05077101,0.05082013,0.00318189,0.05,N,10.17,26.882455639468365
2024-10-15,XRX,5Y,0.05049868,0.05052987,0.00205729,0.05,N,10.36,26.882455639468365
2024-10-16,XRX,5Y,0.0488968,0.05169783,0.16120144,0.01,Y,10.48,26.882455639468365
2024-10-17,XRX,5Y,0.04772708,0.04759337,-0.00945435,0.05,N,11.07,26.882455639468365
2024-10-18,XRX,5Y,0.04683648,0.04665487,-0.01316796,0.05,N,10.79,26.882455639468365
2024-10-21,XRX,5Y,0.04716943,0.04700679,-0.01175593,0.05,N,10.12,26.882455639468365
2024-10-22,XRX,5Y,0.04816533,0.048059,-0.00757249,0.05,N,10.41,26.882455639468365
2024-10-23,XRX,5Y,0.04866232,0.05137777,0.15927303,0.01,Y,10.08,26.882455639468365
2024-10-24,XRX,5Y,0.04874306,0.05147541,0.15935893,0.01,Y,10.05,26.882455639468365
2024-10-25,XRX,5Y,0.04850696,0.04841954,-0.00614699,0.05,N,9.95,26.882455639468365
2024-10-28,XRX,5Y,0.04846862,0.05114442,0.15801916,0.01,Y,10.28,26.882455639468365
2024-10-29,XRX,5Y,0.05749318,0.05798912,0.02985402,0.05,N,8.49,26.302035477540162
2024-10-30,XRX,5Y,0.06023919,0.06094344,0.04044956,0.05,N,8.23,26.302035477540162
2024-10-31,XRX,5Y,0.06169629,0.06251328,0.04590046,0.05,N,8.17,26.302035477540162
2024-11-01,XRX,5Y,0.06290468,0.06382358,0.05045018,0.05,N,8.29,26.302035477540162
2024-11-04,XRX,5Y,0.06431657,0.06535717,0.05558464,0.05,N,8.39,26.302035477540162
2024-11-05,XRX,5Y,0.06386106,0.06486712,0.0539489,0.05,N,8.47,26.615633556219915
2024-11-06,XRX,5Y,0.06065238,0.06137456,0.04179966,0.05,N,9.0,26.615633556219915
2024-11-07,XRX,5Y,0.05918975,0.05979803,0.0361147,0.05,N,8.9,26.615633556219915
2024-11-08,XRX,5Y,0.05752845,0.06122666,0.18809136,0.01,Y,8.89,26.615633556219915
2024-11-11,XRX,5Y,0.05769089,0.05818489,0.0303358,0.05,N,8.95,26.615633556219915
2024-11-12,XRX,5Y,0.05638463,0.05987151,0.18359163,0.01,Y,8.67,26.615633556219915
2024-11-13,XRX,5Y,0.05756666,0.05804908,0.02977357,0.05,N,8.27,26.615633556219915
2024-11-14,XRX,5Y,0.0600034,0.06065853,0.03906284,0.05,N,8.39,26.615633556219915
2024-11-15,XRX,5Y,0.06269585,0.06713959,0.20407296,0.01,Y,8.43,26.615633556219915
2024-11-18,XRX,5Y,0.06447466,0.06552339,0.05573621,0.05,N,8.31,26.615633556219915
2024-11-19,XRX,5Y,0.06440829,0.06546592,0.05554611,0.05,N,8.42,26.615633556219915
2024-11-20,XRX,5Y,0.06440833,0.06922174,0.20975602,0.01,Y,8.39,26.615633556219915
2024-11-21,XRX,5Y,0.06395109,0.0686851,0.20806144,0.01,Y,8.75,26.615633556219915
2024-11-22,XRX,5Y,0.06472562,0.06579866,0.05657443,0.05,N,9.04,26.615633556219915
2024-11-25,XRX,5Y,0.06504032,0.06614814,0.05766013,0.05,N,9.16,26.615633556219915
2024-11-26,XRX,5Y,0.06491162,0.06602155,0.05734555,0.05,N,9.08,26.615633556219915
2024-11-27,XRX,5Y,0.06494387,0.06606431,0.05745334,0.05,N,9.06,26.615633556219915
2024-11-29,XRX,5Y,0.06513549,0.06627691,0.05819101,0.05,N,9.14,26.615633556219915
2024-12-02,XRX,5Y,0.06395065,0.06496796,0.0537642,0.05,N,9.33,26.615633556219915
2024-12-03,XRX,5Y,0.06172187,0.06254899,0.04545451,0.05,N,8.85,26.615633556219915
2024-12-04,XRX,5Y,0.06078105,0.06153213,0.04192319,0.05,N,8.79,26.615633556219915
2024-12-05,XRX,5Y,0.05993512,0.06407908,0.19483445,0.01,Y,8.71,26.615633556219915
2024-12-06,XRX,5Y,0.05855162,0.05913058,0.03349498,0.05,N,8.6,26.615633556219915
2024-12-09,XRX,5Y,0.05867286,0.06267471,0.19061765,0.01,Y,8.88,26.615633556219915
2024-12-10,XRX,5Y,0.05883837,0.05944504,0.03456098,0.05,N,8.91,26.615633556219915
2024-12-11,XRX,5Y,0.05690044,0.05736112,0.02712812,0.05,N,8.86,26.615633556219915
2024-12-12,XRX,5Y,0.05712893,0.06090478,0.18493119,0.01,Y,8.68,26.615633556219915
2024-12-13,XRX,5Y,0.05833303,0.05890244,0.03254395,0.05,N,8.78,26.615633556219915
2024-12-16,XRX,5Y,0.05887093,0.05947901,0.03449025,0.05,N,8.75,26.615633556219915
2024-12-17,XRX,5Y,0.0595811,0.06369027,0.19222444,0.01,Y,8.59,26.615633556219915
2024-12-18,XRX,5Y,0.05881872,0.059424,0.03426679,0.05,N,8.36,26.615633556219915
2024-12-19,XRX,5Y,0.05912038,0.05974922,0.03530164,0.05,N,8.52,26.615633556219915
2024-12-20,XRX,5Y,0.05890312,0.05950598,0.03443846,0.05,N,8.39,26.615633556219915
2024-12-23,XRX,5Y,0.05905952,0.05967469,0.03499886,0.05,N,9.45,26.615633556219915
2024-12-24,XRX,5Y,0.05906975,0.0596847,0.03498979,0.05,N,9.23,26.615633556219915
2024-12-26,XRX,5Y,0.05749362,0.05798842,0.02902979,0.05,N,9.17,26.615633556219915
2024-12-27,XRX,5Y,0.05761733,0.05812123,0.02949479,0.05,N,9.15,26.615633556219915
2024-12-30,XRX,5Y,0.05776906,0.05828084,0.03000464,0.05,N,8.91,26.615633556219915
2024-12-31,XRX,5Y,0.05770419,0.05821132,0.02979784,0.05,N,8.43,26.615633556219915
